,Province_State,3/22/20,3/23/20,3/24/20,3/25/20,3/26/20,3/27/20,3/28/20,3/29/20,3/30/20,3/31/20,4/1/20,4/2/20,4/3/20,4/4/20,4/5/20,4/6/20,4/7/20,4/8/20,4/9/20,4/10/20,4/11/20,4/12/20,4/13/20,4/14/20,4/15/20,4/16/20,4/17/20,4/18/20,4/19/20,4/20/20,4/21/20,4/22/20,4/23/20,4/24/20,4/25/20,4/26/20,4/27/20,4/28/20,4/29/20,4/30/20,5/1/20,5/2/20,5/3/20,5/4/20,5/5/20,5/6/20,5/7/20,5/8/20,5/9/20,5/10/20,5/11/20,5/12/20,5/13/20,5/14/20,5/15/20,5/16/20,5/17/20,5/18/20,5/19/20,5/20/20,5/21/20,5/22/20,5/23/20,5/24/20,5/25/20,5/26/20,5/27/20,5/28/20,5/29/20,5/30/20,5/31/20,6/1/20,6/2/20,6/3/20,6/4/20,6/5/20,6/6/20,6/7/20,6/8/20,6/9/20,6/10/20,6/11/20,6/12/20,6/13/20,6/14/20,6/15/20,6/16/20,6/17/20,6/18/20,6/19/20,6/20/20,6/21/20,6/22/20,6/23/20,6/24/20,6/25/20,6/26/20,6/27/20,6/28/20,6/29/20,6/30/20,7/1/20,7/2/20,7/3/20,7/4/20,7/5/20,7/6/20,7/7/20,7/8/20,7/9/20,7/10/20,7/11/20,7/12/20,7/13/20,7/14/20,7/15/20,7/16/20,7/17/20,7/18/20,7/19/20,7/20/20,7/21/20,7/22/20,7/23/20,7/24/20,7/25/20,7/26/20,7/27/20,7/28/20,7/29/20,7/30/20,7/31/20,8/1/20,8/2/20,8/3/20,8/4/20,8/5/20,8/6/20,8/7/20,8/8/20,8/9/20,8/10/20,8/11/20,8/12/20,8/13/20,8/14/20,8/15/20,8/16/20,8/17/20,8/18/20,8/19/20,8/20/20,8/21/20,8/22/20,8/23/20,8/24/20,8/25/20,8/26/20,8/27/20,8/28/20,8/29/20,8/30/20,8/31/20,9/1/20,9/2/20,9/3/20,9/4/20,9/5/20,9/6/20,9/7/20,9/8/20,9/9/20,9/10/20,9/11/20,9/12/20,9/13/20,9/14/20,9/15/20,9/16/20,9/17/20,9/18/20,9/19/20,9/20/20,9/21/20,9/22/20,9/23/20,9/24/20,9/25/20,9/26/20,9/27/20,9/28/20,9/29/20,9/30/20,10/1/20,10/2/20,10/3/20,10/4/20,10/5/20,10/6/20,10/7/20,10/8/20,10/9/20,10/10/20,10/11/20,10/12/20,10/13/20,10/14/20,10/15/20,10/16/20,10/17/20,10/18/20,10/19/20,10/20/20,10/21/20,10/22/20,10/23/20,10/24/20,10/25/20,10/26/20,10/27/20,10/28/20,10/29/20,10/30/20,10/31/20,11/1/20,11/2/20,11/3/20,11/4/20,11/5/20,11/6/20,11/7/20,11/8/20,11/9/20,11/10/20,11/11/20,11/12/20,11/13/20,11/14/20,11/15/20,11/16/20,11/17/20,11/18/20,11/19/20,11/20/20,11/21/20,11/22/20,11/23/20,11/24/20,11/25/20,11/26/20,11/27/20,11/28/20,11/29/20,11/30/20,12/1/20,12/2/20,12/3/20,12/4/20,12/5/20,12/6/20,12/7/20,12/8/20,12/9/20,12/10/20,12/11/20,12/12/20,12/13/20,12/14/20,12/15/20,12/16/20,12/17/20,12/18/20,12/19/20,12/20/20,12/21/20,12/22/20,12/23/20,12/24/20,12/25/20,12/26/20,12/27/20,12/28/20,12/29/20,12/30/20,12/31/20,1/1/21,1/2/21,1/3/21,1/4/21,1/5/21,1/6/21,1/7/21,1/8/21,1/9/21,1/10/21,1/11/21,1/12/21,1/13/21,1/14/21,1/15/21,1/16/21,1/17/21,1/18/21,1/19/21,1/20/21,1/21/21,1/22/21,1/23/21,1/24/21,1/25/21,1/26/21,1/27/21,1/28/21,1/29/21,1/30/21,1/31/21,2/1/21,2/2/21,2/3/21,2/4/21,2/5/21,2/6/21,2/7/21,2/8/21,2/9/21,2/10/21,2/11/21,2/12/21,2/13/21,2/14/21,2/15/21,2/16/21,2/17/21,2/18/21,2/19/21,2/20/21,2/21/21,2/22/21,2/23/21,2/24/21,2/25/21,2/26/21,2/27/21,2/28/21,3/1/21,3/2/21,3/3/21,3/4/21,3/5/21,3/6/21,3/7/21,3/8/21,3/9/21,3/10/21,3/11/21,3/12/21,3/13/21,3/14/21,3/15/21,3/16/21,3/17/21,3/18/21,3/19/21,3/20/21,3/21/21,3/22/21,3/23/21,3/24/21,3/25/21,3/26/21,3/27/21,3/28/21,3/29/21,3/30/21,3/31/21,4/1/21,4/2/21,4/3/21,4/4/21,4/5/21,4/6/21,4/7/21,4/8/21,4/9/21,4/10/21,4/11/21,4/12/21,4/13/21,4/14/21,4/15/21,4/16/21,4/17/21,4/18/21,4/19/21,4/20/21,4/21/21,4/22/21,4/23/21,4/24/21,4/25/21,4/26/21,4/27/21,4/28/21,4/29/21,4/30/21,5/1/21,5/2/21,5/3/21,5/4/21,5/5/21,5/6/21,5/7/21,5/8/21,5/9/21,5/10/21,5/11/21,5/12/21,5/13/21,5/14/21,5/15/21,5/16/21,5/17/21,5/18/21,5/19/21,5/20/21,5/21/21,5/22/21,5/23/21,5/24/21,5/25/21,5/26/21,5/27/21,5/28/21,5/29/21,5/30/21,5/31/21,6/1/21,6/2/21,6/3/21,6/4/21
0,Alabama,0,0,0,0,0,0,0,0,0,0,0,0,0,0,0,0,0,0,0,0,3470,165,204,118,255,211,136,172,185,218,263,233,187,0,385,109,197,148,160,189,318,275,216,308,226,329,325,276,218,265,268,221,378,262,299,94,314,275,658,229,0,439,359,493,650,379,0,482,320,581,662,129,0,221,292,643,454,399,486,0,845,851,887,1014,656,629,0,874,784,531,471,431,620,0,1137,966,888,358,1724,849,895,0,1733,996,1091,925,881,1152,0,1298,1429,1633,1955,1670,0,2002,1968,2122,1776,1876,1455,1394,0,1752,2107,1147,1803,1251,1369,0,1946,1603,2071,1211,1008,0,1919,1688,1852,1148,1657,781,0,763,749,1268,851,544,1346,1109,0,1161,885,526,1639,519,0,1738,1131,1659,1336,803,1540,0,1030,1075,1401,510,659,632,0,1132,1106,926,1108,700,1591,0,661,1079,1292,798,816,786,0,1035,2467,923,730,662,555,0,1035,952,1674,789,543,743,920,0,1474,1050,816,733,1117,0,1135,1182,1286,964,858,1027,922,1375,3836,2353,1079,967,1089,1250,0,1329,1754,1694,907,1023,0,1361,1533,1735,1203,1170,1674,1989,0,2962,2211,1977,1409,1564,2592,0,2431,2329,1798,1572,2772,0,2599,917,2119,2231,2294,3316,0,3466,3785,3344,2276,2349,4386,0,4686,3801,4050,2790,2264,3616,0,4639,5306,4128,2548,2380,4916,0,4143,3621,1027,2164,2248,3882,0,4353,4476,3711,2475,2156,5490,0,4960,4946,4755,2715,2087,3622,2960,0,2860,3064,1916,1429,2510,0,2785,3444,3184,1725,1837,2666,2901,0,2622,0,3935,1221,1872,1809,0,1412,1928,1110,917,1262,0,1370,938,1127,1075,672,870,590,0,698,757,855,677,1385,1163,0,701,773,570,515,592,0,857,783,497,0,0,0,0,0,0,0,0,0,0,0,0,0,0,0,0,0,0,0,0,0,0,0,0,0,0,0,0,0,0,0,0,0,0,0,0,0,0,0,0,0,0,0,0,0,0,0,0,0,0,0,0,0,0,0,0,0,0,0,0,0,0,0,0,0,0,0,0,0,0,0,0,0,0,0,0,0,0,0,0,0,0,0,0,0,0,0,0,0,0,0
1,Alaska,0,0,0,0,0,0,0,0,0,0,0,0,0,0,0,0,0,0,0,0,264,5,7,8,7,9,5,5,2,8,6,2,2,0,1,5,6,4,0,7,0,2,1,0,0,0,0,0,0,0,0,0,0,1,0,0,0,9,0,0,2,2,0,0,1,0,11,4,3,26,7,17,16,5,7,10,8,17,4,17,12,8,27,1,0,0,11,1,5,14,0,0,0,24,18,12,16,29,17,35,36,32,41,41,27,24,5,39,38,38,52,77,55,18,25,43,32,50,75,75,67,72,28,43,74,184,97,87,50,49,98,113,142,46,12,24,0,35,60,83,0,33,44,83,99,69,69,36,25,34,70,0,3,4,0,0,0,58,44,72,12,32,24,30,94,113,65,81,33,19,62,110,83,84,61,75,16,43,104,92,69,93,69,0,5,127,0,0,0,0,0,0,0,0,0,106,34,139,0,80,115,222,227,178,44,97,36,54,0,180,174,44,140,172,175,348,516,346,1372,305,334,380,443,344,345,388,401,313,528,572,516,474,524,496,480,592,746,659,584,640,547,492,463,679,548,500,577,680,556,674,666,621,511,0,702,1292,750,945,765,500,577,587,633,627,504,646,430,282,613,381,496,335,183,152,430,362,274,0,374,302,128,182,389,500,0,806,297,262,197,337,326,411,318,260,176,127,293,339,308,187,285,155,128,148,7376,296,244,165,84,87,182,206,185,154,135,108,118,226,185,254,0,0,509,124,204,154,152,0,0,0,495,62,214,210,0,0,344,55,177,181,112,0,0,374,153,190,145,145,0,0,0,0,0,0,0,0,0,0,0,0,0,0,0,0,0,0,0,0,0,0,0,0,0,0,0,0,0,0,0,0,0,0,0,0,0,0,0,0,0,0,0,0,0,0,0,0,0,0,0,0,0,0,0,0,0,0,0,0,0,0,0,0,0,0,0,0,0,0,0,0,0,0,0,0,0,0,0,0,0,0,0,0,0,0,0,0,0,0,0,0
2,American Samoa,0,0,0,0,0,0,0,0,0,0,0,0,0,0,0,0,0,0,0,0,0,0,0,0,0,0,0,0,0,0,0,0,0,0,0,0,0,0,0,0,0,0,0,0,0,0,0,0,0,0,0,0,0,0,0,0,0,0,0,0,0,0,0,0,0,0,0,0,0,0,0,0,0,0,0,0,0,0,0,0,0,0,0,0,0,0,0,0,0,0,0,0,0,0,0,0,0,0,0,0,0,0,0,0,0,0,0,0,0,0,0,0,0,0,0,0,0,0,0,0,0,0,0,0,0,0,0,0,0,0,0,0,0,0,0,0,0,0,0,0,0,0,0,0,0,0,0,0,0,0,0,0,0,0,0,0,0,0,0,0,0,0,0,0,0,0,0,0,0,0,0,0,0,0,0,0,0,0,0,0,0,0,0,0,0,0,0,0,0,0,0,0,0,0,0,0,0,0,0,0,0,0,0,0,0,0,0,0,0,0,0,0,0,0,0,0,0,0,0,0,0,0,0,0,0,0,0,0,0,0,0,0,0,0,0,0,0,0,0,0,0,0,0,0,0,0,0,0,0,0,0,0,0,0,0,0,0,0,0,0,0,0,0,0,0,0,0,0,0,0,0,0,0,0,0,0,0,0,0,0,0,0,0,0,0,0,0,0,0,0,0,0,0,0,0,0,0,0,0,0,0,0,0,0,0,0,0,0,0,0,0,0,0,0,0,0,0,0,0,0,0,0,0,0,0,0,0,0,0,0,0,0,0,0,0,0,0,0,0,0,0,0,0,0,0,0,0,0,0,0,0,0,0,0,0,0,0,0,0,0,0,0,0,0,0,0,0,0,0,0,0,0,0,0,0,0,0,0,0,0,0,0,0,0,0,0,0,0,0,0,0,0,0,0,0,0,0,0,0,0,0,0,0,0,0,0,0,0,0,0,0,0,0,0,0,0,0,0,0,0,0,0,0,0,0,0,0,0,0,0,0,0,0,0,0,0,0,0,0,0
3,Arizona,0,0,0,0,0,0,0,0,0,0,0,0,0,0,0,0,0,0,0,0,3427,156,95,144,265,255,202,205,128,171,194,281,256,234,246,191,230,221,0,275,358,212,249,309,349,185,489,0,64,181,276,377,334,397,257,185,136,227,208,326,188,319,225,120,193,366,442,470,662,571,74,1012,943,418,1411,883,1412,565,470,1444,1252,1751,1359,920,997,2180,1614,2326,3272,3014,2270,1812,3569,1551,2860,3087,3151,3515,368,4404,4493,2879,4052,2251,3070,2873,3117,2941,3444,3665,2428,2016,923,3758,2683,2672,3319,2118,1840,1167,3021,1440,1802,2843,3202,1542,1471,1698,1925,1989,2788,2589,1098,727,700,1333,1074,1034,650,439,275,915,242,997,594,554,626,250,665,326,435,355,727,0,117,653,0,442,286,392,143,32,333,318,847,504,636,63,54,0,318,280,344,422,188,55,342,516,1584,1095,451,293,118,468,237,368,316,258,268,146,539,169,531,390,481,212,146,698,415,655,491,684,407,298,560,713,900,509,756,496,576,881,780,783,753,667,1169,622,893,772,1031,1340,1603,1288,472,1454,513,1829,1639,2284,1581,207,3184,1686,1014,2686,3072,2017,1139,2608,2735,3674,3996,3101,3834,2232,4066,3397,2888,3754,3659,2633,290,9686,3120,4712,4978,6099,4609,909,11699,3602,4066,6115,7286,5065,11086,3349,3871,4867,6643,4660,4483,6994,4975,5182,0,11905,5282,538,9318,1834,4317,6686,8956,7904,16411,4365,4857,6167,8675,10521,10062,10121,8081,7379,4523,6135,7962,7532,5999,4542,5590,3635,8161,6907,6278,6251,4501,3789,4971,3672,4038,4256,4242,3074,2121,1384,3562,2990,2802,832,1727,3680,1223,1100,1716,1146,1441,925,761,795,527,1347,1566,1401,1152,115891,1267,818,1538,1109,1062,1040,768,1255,1058,2192,1681,0,0,0,0,0,0,0,0,0,0,0,0,0,0,0,0,0,0,0,0,0,0,0,0,0,0,0,0,0,0,0,0,0,0,0,0,0,0,0,0,0,0,0,0,0,0,0,0,0,0,0,0,0,0,0,0,0,0,0,0,0,0,0,0,0,0,0,0,0,0,0,0,0,0,0,0,0,0,0,0,0,0,0,0,0,0,0,0,0,0,0
4,Arkansas,0,0,0,0,0,0,0,0,0,0,0,0,0,0,0,0,0,0,0,0,1253,128,85,70,47,75,48,36,190,16,286,320,209,100,87,68,52,66,0,0,13,49,33,6,14,78,7,0,262,0,49,70,72,0,33,63,0,14,0,389,37,161,27,5,66,4,97,232,0,131,64,372,0,349,23,101,167,313,0,43,207,470,547,0,171,268,0,0,361,131,418,0,158,346,128,669,0,17,0,50,0,341,79,20,604,0,250,0,0,97,1055,0,55,127,0,139,55,767,179,0,0,0,133,19,727,0,74,0,31,0,65,36,631,0,9,46,21,200,758,0,0,0,679,0,0,128,7,0,0,21,0,188,0,0,0,0,78,0,155,0,191,0,0,0,321,424,85,348,0,0,0,0,517,406,56,720,37,0,983,864,0,0,1544,0,194,284,188,165,0,0,0,51,235,951,0,0,0,619,0,384,1140,0,66,36,0,263,417,186,200,94,0,0,98,210,400,406,231,0,0,0,163,331,389,834,0,0,174,483,921,738,328,8,386,818,799,1282,1837,0,0,91,2,422,363,386,0,0,332,0,575,0,1336,0,0,0,284,732,924,576,143,0,404,2293,0,983,783,0,0,0,84,887,732,673,0,0,0,537,863,0,0,0,0,350,672,336,4269,0,2013,0,1352,3640,0,1306,533,3297,0,169,2402,0,873,191,0,0,0,0,227,0,0,0,0,366,0,0,0,282,0,0,0,202,459,0,0,0,0,0,0,0,0,0,0,0,0,0,0,0,0,0,0,0,0,44,0,4,0,0,12,24,0,35,313,0,0,0,0,0,0,0,0,0,0,0,0,0,0,0,0,0,0,0,0,0,0,0,0,0,0,0,0,0,0,0,0,0,0,0,0,0,0,0,0,0,0,0,0,0,0,0,0,0,0,0,0,0,0,0,0,0,0,0,0,0,0,0,0,0,0,0,0,0,0,0,0,0,0,0,0,0,0,0,0,0,0,0,0,0,0,0,0,0,0,0
5,California,0,0,0,0,0,0,0,0,0,0,0,0,0,0,0,0,0,0,0,0,22155,1062,1372,1237,895,1399,1231,903,2207,1722,1740,2105,1706,945,1154,1354,1113,2501,1298,1801,1267,1520,919,2469,2077,1461,1553,2705,1013,1666,1549,1742,1978,1738,1960,1409,1252,2171,2151,1948,2138,2215,1465,2365,2937,1587,2665,2725,3206,2028,2737,2394,2064,2750,3485,2777,1997,3176,2737,2965,3582,3238,3261,2259,3411,3149,3766,4204,3705,4283,3312,6168,6652,4349,5106,5670,3709,4679,8299,7487,7362,7773,3914,2362,11747,6286,12845,8403,9783,8305,7804,5758,8776,12693,8549,9707,8439,7387,6148,10909,11317,11822,9333,9276,6196,5796,5787,12456,13922,7903,7434,5926,5511,4631,9591,3797,10520,5363,7400,5288,14386,4668,12200,6491,14839,4823,5854,5489,8517,8948,4873,6497,5350,4823,6199,5324,5822,4672,5436,4564,3870,6439,3014,5497,4561,4499,4581,3520,2082,3314,2786,3577,3791,3931,2744,3345,2915,3020,3603,4365,3697,2857,3888,2836,3269,2978,4021,3724,2416,2794,2794,3358,3002,3727,3447,3160,2770,2622,3632,3262,3738,3253,2768,2716,3339,3809,2841,3027,2315,2055,3950,4028,3081,6336,5386,4847,2897,3814,4376,4319,4342,4321,4074,3723,4515,4934,5456,5882,6286,6121,3339,8536,8090,6101,8514,9380,9453,9019,9569,10536,11649,13045,12478,15653,9035,13668,16881,15625,10805,13710,15021,14796,14787,15647,19034,21225,23576,27498,28674,24068,24378,33385,33372,33480,32790,36120,26011,32973,63420,45138,47945,40150,41383,39692,34219,43667,37371,20532,59553,35715,36158,35150,32286,29409,44805,52100,38277,30928,37194,34517,44858,42934,54832,42303,39683,45965,37872,40003,38307,36767,31661,27896,35115,18625,20513,27793,22831,20518,44272,21098,15055,22499,18962,16954,13089,17909,12634,11918,14015,16243,8195,9577,13767,10069,8017,10051,9114,8509,5430,5489,8088,6105,5363,8560,5829,4283,4904,6047,4666,5116,4283,4108,3131,6302,4110,4069,4864,4605,3920,0,0,0,0,0,0,0,0,0,0,0,0,0,0,0,0,0,0,0,0,0,0,0,0,0,0,0,0,0,0,0,0,0,0,0,0,0,0,0,0,0,0,0,0,0,0,0,0,0,0,0,0,0,0,0,0,0,0,0,0,0,0,0,0,0,0,0,0,0,0,0,0,0,0,0,0,0,0,0,0,0,0,0,0,0,0,0,0,0,0,0
6,Colorado,0,0,0,0,0,0,0,0,0,0,0,0,0,0,0,0,0,0,0,0,7018,367,238,5,303,388,339,652,0,680,395,341,856,702,469,420,407,412,0,394,354,346,231,304,391,445,441,436,275,107,217,209,293,330,264,248,255,162,226,329,234,442,177,55,241,123,282,421,458,218,186,160,223,251,223,209,134,149,133,114,118,156,165,118,144,131,180,201,254,141,178,142,160,232,300,293,207,270,182,175,284,297,243,238,188,167,369,411,406,626,362,301,290,411,427,534,583,425,333,397,438,586,569,636,794,522,200,711,436,374,557,427,435,207,390,567,425,433,431,318,327,365,285,434,299,276,338,159,241,252,296,0,613,246,178,434,166,332,398,248,171,185,343,212,252,0,665,264,204,170,217,253,286,389,400,366,384,568,432,581,589,480,521,632,585,525,675,558,548,391,505,475,648,651,634,480,434,622,685,821,797,978,796,552,977,632,1094,1236,1082,893,1019,1157,1194,1303,1295,1752,1634,2143,1373,1422,1731,2328,2861,2448,2158,2498,2833,3260,3342,3373,2928,3434,3800,3851,5038,6235,4971,3986,4135,4130,4240,5831,5524,5858,3719,3498,3871,3947,5848,4075,4128,3277,3906,4092,3561,5673,4728,4846,3054,3851,3716,3285,4288,4376,3755,2330,2729,1987,3263,3450,3472,2233,2131,2000,2377,2704,2755,2458,1296,1249,1515,1565,2218,3025,2874,1857,1968,2077,3280,2498,3180,3035,2785,1961,1563,1376,2266,2269,2149,1908,1386,1093,1542,1236,1864,1672,1865,1195,1208,1115,1439,1331,1591,1534,1146,842,843,1136,1513,1795,1404,1046,868,831,649,1634,2032,1106,809,490,619,1073,1123,1227,1040,751,631,23446,1158,1111,1506,1259,835,1535,769,1044,1347,1621,1108,0,0,0,0,0,0,0,0,0,0,0,0,0,0,0,0,0,0,0,0,0,0,0,0,0,0,0,0,0,0,0,0,0,0,0,0,0,0,0,0,0,0,0,0,0,0,0,0,0,0,0,0,0,0,0,0,0,0,0,0,0,0,0,0,0,0,0,0,0,0,0,0,0,0,0,0,0,0,0,0,0,0,0,0,0,0,0,0,0,0,0
7,Connecticut,0,0,0,0,0,0,0,0,0,0,0,0,0,0,0,0,0,0,0,0,11481,1298,539,569,1026,860,691,371,1649,453,1988,536,708,549,627,640,240,373,845,0,426,0,566,571,289,0,550,515,535,170,535,438,0,555,564,647,655,292,530,137,0,344,428,356,403,0,248,161,216,147,129,237,95,357,190,341,134,111,74,145,0,215,278,79,144,108,71,0,105,145,31,24,103,4,0,56,143,92,55,150,56,0,62,0,0,256,57,70,0,78,0,0,200,19,98,0,136,0,0,152,41,127,0,541,0,0,202,89,461,27,139,0,0,247,48,115,0,71,0,0,244,117,16,0,112,0,0,367,0,58,33,85,0,0,492,26,180,54,145,0,0,384,126,101,18,156,0,0,0,411,89,125,231,0,0,564,136,133,157,137,0,0,494,135,154,49,113,0,0,558,180,218,91,553,0,0,819,117,122,265,287,0,0,1337,319,160,35,800,0,0,1179,429,408,351,671,0,0,2035,532,481,1314,754,0,0,2640,977,520,1676,1050,0,0,3280,1512,1779,1148,2735,0,0,4617,1690,2029,2332,2065,0,0,5228,530,1827,0,3394,0,0,4655,1439,2621,4731,1503,0,0,8051,2396,2247,2389,3746,0,0,7150,1448,2279,2275,2651,0,0,4500,1556,1712,1983,0,0,0,8344,747,1656,2014,0,4308,0,4447,2308,2448,3247,3199,0,0,7272,3656,3442,951,1837,0,0,6627,2082,1871,1614,1974,0,0,5725,1244,2398,1382,1232,0,0,3858,2554,458,909,1402,0,0,4299,853,860,975,811,0,0,2839,578,507,527,1171,0,0,11994,1347,1470,956,779,0,0,2651,495,474,863,819,0,0,0,0,0,0,0,0,0,0,0,0,0,0,0,0,0,0,0,0,0,0,0,0,0,0,0,0,0,0,0,0,0,0,0,0,0,0,0,0,0,0,0,0,0,0,0,0,0,0,0,0,0,0,0,0,0,0,0,0,0,0,0,0,0,0,0,0,0,0,0,0,0,0,0,0,0,0,0,0,0,0,0,0,0,0,0,0,0,0,0,0
8,Delaware,0,0,0,0,0,0,0,0,0,0,0,0,0,0,0,0,0,0,0,0,1590,127,166,85,47,241,215,0,202,176,262,105,126,122,450,123,401,73,0,49,0,67,0,0,240,50,0,0,0,202,0,61,120,9,2,8,125,0,0,20,0,0,132,55,0,0,0,0,79,10,18,0,0,0,0,5,0,31,0,0,0,6,0,0,75,0,0,5,65,69,29,45,0,0,41,22,70,135,150,94,27,218,176,54,103,127,82,0,59,73,38,0,56,44,26,31,177,43,90,105,120,0,96,186,0,80,77,28,93,55,56,56,49,74,44,123,43,52,31,39,8,46,65,133,347,20,33,43,21,17,46,17,0,54,7,0,0,0,52,151,0,22,68,0,57,31,79,95,55,0,0,47,93,131,107,72,125,72,80,39,26,75,18,58,36,72,107,45,88,108,119,58,148,114,115,60,46,0,0,55,55,67,39,94,7,0,35,69,106,60,7,0,0,78,68,41,80,114,0,53,86,117,82,70,101,0,7,128,201,101,212,165,83,124,89,384,221,268,257,195,60,264,560,304,330,216,259,52,409,427,292,377,217,434,159,599,634,464,559,799,743,929,640,781,1050,583,997,675,780,827,332,1023,476,431,566,612,764,635,816,582,430,701,384,855,604,809,611,842,757,629,1218,546,960,795,540,614,724,891,655,631,922,616,396,459,19598,710,673,655,608,283,335,660,437,613,511,413,194,264,238,265,275,756,337,266,227,397,381,396,330,236,122,187,261,312,327,200,357,127,255,291,285,419,278,281,109,218,214,222,254,0,0,0,0,0,0,0,0,0,0,0,0,0,0,0,0,0,0,0,0,0,0,0,0,0,0,0,0,0,0,0,0,0,0,0,0,0,0,0,0,0,0,0,0,0,0,0,0,0,0,0,0,0,0,0,0,0,0,0,0,0,0,0,0,0,0,0,0,0,0,0,0,0,0,0,0,0,0,0,0,0,0,0,0,0,0,0,0,0,0,0
9,Diamond Princess,0,0,0,0,0,0,0,0,0,0,0,0,0,0,0,0,0,0,0,0,49,0,0,0,0,0,0,0,0,0,0,0,0,0,0,0,0,0,0,0,0,0,0,0,0,0,0,0,0,0,0,0,0,0,0,0,0,0,0,0,0,0,0,0,0,0,0,0,0,0,0,0,0,0,0,0,0,0,0,0,0,0,0,0,0,0,0,0,0,0,0,0,0,0,0,0,0,0,0,0,0,0,0,0,0,0,0,0,0,0,0,0,0,0,0,0,0,0,0,0,0,0,0,0,0,0,0,0,0,0,0,0,0,0,0,0,0,0,0,0,0,0,0,0,0,0,0,0,0,0,0,0,0,0,0,0,0,0,0,0,0,0,0,0,0,0,0,0,0,0,0,0,0,0,0,0,0,0,0,0,0,0,0,0,0,0,0,0,0,0,0,0,0,0,0,0,0,0,0,0,0,0,0,0,0,0,0,0,0,0,0,0,0,0,0,0,0,0,0,0,0,0,0,0,0,0,0,0,0,0,0,0,0,0,0,0,0,0,0,0,0,0,0,0,0,0,0,0,0,0,0,0,0,0,0,0,0,0,0,0,0,0,0,0,0,0,0,0,0,0,0,0,0,0,0,0,0,0,0,0,0,0,0,0,0,0,0,0,0,0,0,0,0,0,0,0,0,0,0,0,0,0,0,0,0,0,0,0,0,0,0,0,0,0,0,0,0,0,0,0,0,0,0,0,0,0,0,0,0,0,0,0,0,0,0,0,0,0,0,0,0,0,0,0,0,0,0,0,0,0,0,0,0,0,0,0,0,0,0,0,0,0,0,0,0,0,0,0,0,0,0,0,0,0,0,0,0,0,0,0,0,0,0,0,0,0,0,0,0,0,0,0,0,0,0,0,0,0,0,0,0,0,0,0,0,0,0,0,0,0,0,0,0,0,0,0,0,0,0,0,0,0,0,0,0,0,0,0,0,0,0,0,0,0,0,0,0,0,0,0
10,District of Columbia,0,0,0,0,0,0,0,0,0,0,0,0,0,0,0,0,0,0,0,0,1825,78,88,134,144,121,185,122,125,164,93,143,153,159,129,44,97,97,0,322,130,208,147,145,0,168,226,142,157,111,83,37,112,116,141,48,133,144,91,230,91,58,139,102,109,65,78,32,166,64,44,16,126,102,75,66,52,55,81,59,49,61,50,47,27,14,26,52,39,27,28,26,34,30,29,19,21,25,42,0,0,10,12,0,14,20,33,19,0,23,44,26,40,22,42,13,16,64,58,54,64,60,0,0,47,59,45,61,0,4,0,0,0,231,18,0,0,45,57,67,22,43,0,3,39,2,20,25,0,27,0,7,35,0,82,0,0,47,33,38,0,14,12,0,14,6,26,9,25,0,0,0,53,0,86,12,27,0,0,23,29,46,0,13,0,29,21,12,27,0,0,0,0,14,50,0,21,61,0,29,53,37,26,30,2,19,0,36,17,28,2,0,0,0,23,57,25,0,56,6,51,46,122,102,0,12,0,26,23,24,78,9,26,147,61,102,147,139,0,180,10,99,18,30,129,84,0,0,100,126,0,340,29,0,0,122,209,168,193,111,119,65,30,56,157,102,0,74,8,33,110,86,156,56,0,80,0,0,125,329,34,16,0,36,96,192,183,82,48,187,67,165,155,219,198,115,0,0,88,204,174,77,144,0,0,290,0,97,76,0,0,89,131,112,118,28,0,41,0,163,107,0,0,2005,0,17,59,47,0,82,0,46,0,65,0,27,15,11,96,28,80,108,74,0,0,0,121,0,253,0,0,0,0,0,0,0,0,0,0,0,0,0,0,0,0,0,0,0,0,0,0,0,0,0,0,0,0,0,0,0,0,0,0,0,0,0,0,0,0,0,0,0,0,0,0,0,0,0,0,0,0,0,0,0,0,0,0,0,0,0,0,0,0,0,0,0,0,0,0,0,0,0,0,0,0,0,0,0,0,0,0,0,0,0,0,0,0,0,0,0
11,Florida,0,0,0,0,0,0,0,0,0,0,0,0,0,0,0,0,0,0,0,0,19434,103086,0,858,760,1359,710,796,697,765,414,1245,826,297,673,593,627,298,447,992,685,600,799,470,495,765,302,756,589,372,897,431,760,886,626,768,830,447,483,1156,730,633,736,864,502,319,606,1163,893,735,658,547,1281,1378,1252,1242,1168,954,1043,1335,1651,1873,2533,2010,1751,2728,2585,3164,3779,4009,3477,2914,3221,5468,4958,8903,9561,8501,5238,6035,6518,10042,9421,11440,10030,6289,7284,9941,8815,11340,10265,15255,12589,9062,10069,13809,11338,10238,12391,10257,9306,9646,10076,12309,12075,9267,8815,9044,9230,9703,8750,9463,7042,4679,5201,5184,7530,7506,8320,6152,4064,5555,7897,6088,5920,6148,3672,2591,3619,3941,4438,4565,4205,2923,2186,2490,3067,3134,3726,3049,2569,1817,7382,2275,3422,3098,3595,2526,1816,1779,1972,2256,3474,3092,2415,1702,2971,2203,3108,3065,3511,2512,1664,2371,2388,2364,2727,2688,1872,733,3160,1774,2501,2550,2713,1825,1374,2196,2445,3142,2790,0,5392,1485,2606,2819,3215,3355,3957,2489,1653,3578,2039,5501,3616,4394,2373,3357,4242,4049,4121,5520,2290,4837,4606,4581,4391,6218,5192,4366,6799,3866,4284,5786,5535,6860,4500,10076,4622,7374,7838,9006,9006,8368,6526,6237,8483,8279,0,17235,6198,7305,6562,8765,9897,10772,10057,10341,8343,7606,7889,9508,11206,11576,10506,8877,8315,9332,11419,13047,12904,11610,8306,10903,10360,11264,13026,0,16902,7314,8102,11974,13734,17065,0,31301,10506,11153,15333,17654,19652,19345,15307,12205,11417,14740,13821,13503,16689,11914,10960,7865,9654,11772,12712,13447,12158,9406,8567,9367,8248,11221,10757,14913,7669,5524,10396,6782,7483,11333,7344,6527,5618,6790,7377,8351,7434,7397,5340,3460,6077,7185,4954,6465,7159,4972,3992,5462,7001,6502,5776,5349,5421,1553,7043,5882,5998,5840,4592,0,0,0,0,0,0,0,0,0,0,0,0,0,0,0,0,0,0,0,0,0,0,0,0,0,0,0,0,0,0,0,0,0,0,0,0,0,0,0,0,0,0,0,0,0,0,0,0,0,0,0,0,0,0,0,0,0,0,0,0,0,0,0,0,0,0,0,0,0,0,0,0,0,0,0,0,0,0,0,0,0,0,0,0,0,0,0,0,0,0,0
12,Georgia,0,0,0,0,0,0,0,0,0,0,0,0,0,0,0,0,0,0,0,0,12019,831,1203,382,647,1462,452,618,1018,451,1283,636,590,723,255,737,579,788,458,1188,834,327,724,494,717,847,518,404,989,384,868,484,522,752,430,355,665,546,924,784,786,746,655,477,535,618,588,601,433,683,798,297,666,939,737,734,537,571,675,687,947,767,992,873,690,629,906,852,1066,1794,891,1222,1835,1568,1667,1875,1984,2223,2201,1853,2929,3445,2776,2826,2194,1530,3385,3397,2829,4455,3153,2527,3614,3363,3838,3435,3878,4651,3244,2450,3329,3233,4279,4731,3717,2761,2879,4155,3192,3934,3985,3587,3150,2256,2434,3702,3140,4018,4354,3156,2399,3441,3460,2433,3192,3177,1829,1806,2749,2250,2704,2795,2498,1687,2280,1995,2187,2402,2220,2281,1187,1469,2126,1854,2602,2003,2148,1591,601,1517,1892,1747,1616,2083,1363,1003,1613,2040,1792,1889,2104,1131,1182,886,1771,1490,758,1319,780,581,992,1693,1291,1232,1508,727,759,899,1462,1230,1571,1192,1117,889,968,1281,1618,1545,1483,1143,733,1111,1282,1760,2187,1804,1317,940,1474,1621,1776,1345,2541,1190,921,1638,1820,1862,1708,1682,1252,34226,4278,2173,2912,2492,2984,2083,1237,4294,3104,3387,3395,6176,2309,1907,3670,3101,3569,2965,2994,1934,2037,4779,5682,5758,6299,4949,2021,5240,5555,5464,7569,6135,6403,4797,3692,7381,6556,7711,8103,5714,5616,3504,9015,7717,10223,6005,4104,3507,3934,9367,8986,11621,11113,7531,5774,5156,9990,7593,9725,13212,11783,8192,7437,9006,8455,8864,9643,8380,6327,4893,7417,7862,8039,8203,8799,4749,3864,8214,6223,7168,6399,6133,3585,2990,4753,4787,5537,4740,4258,3587,2666,3550,3370,4087,3705,3681,1908,2013,2649,3446,3355,3472,3204,1756,1445,3688,3103,3192,3414,3290,2333,2058,3043,2590,2761,2016,2179,0,0,0,0,0,0,0,0,0,0,0,0,0,0,0,0,0,0,0,0,0,0,0,0,0,0,0,0,0,0,0,0,0,0,0,0,0,0,0,0,0,0,0,0,0,0,0,0,0,0,0,0,0,0,0,0,0,0,0,0,0,0,0,0,0,0,0,0,0,0,0,0,0,0,0,0,0,0,0,0,0,0,0,0,0,0,0,0,0,0,0
13,Grand Princess,0,0,0,0,0,0,0,0,0,0,0,0,0,0,0,0,0,0,0,0,103,0,0,0,0,0,0,0,0,0,0,0,0,0,0,0,0,0,0,0,0,0,0,0,0,0,0,0,0,0,0,0,0,0,0,0,0,0,0,0,0,0,0,0,0,0,0,0,0,0,0,0,0,0,0,0,0,0,0,0,0,0,0,0,0,0,0,0,0,0,0,0,0,0,0,0,0,0,0,0,0,0,0,0,0,0,0,0,0,0,0,0,0,0,0,0,0,0,0,0,0,0,0,0,0,0,0,0,0,0,0,0,0,0,0,0,0,0,0,0,0,0,0,0,0,0,0,0,0,0,0,0,0,0,0,0,0,0,0,0,0,0,0,0,0,0,0,0,0,0,0,0,0,0,0,0,0,0,0,0,0,0,0,0,0,0,0,0,0,0,0,0,0,0,0,0,0,0,0,0,0,0,0,0,0,0,0,0,0,0,0,0,0,0,0,0,0,0,0,0,0,0,0,0,0,0,0,0,0,0,0,0,0,0,0,0,0,0,0,0,0,0,0,0,0,0,0,0,0,0,0,0,0,0,0,0,0,0,0,0,0,0,0,0,0,0,0,0,0,0,0,0,0,0,0,0,0,0,0,0,0,0,0,0,0,0,0,0,0,0,0,0,0,0,0,0,0,0,0,0,0,0,0,0,0,0,0,0,0,0,0,0,0,0,0,0,0,0,0,0,0,0,0,0,0,0,0,0,0,0,0,0,0,0,0,0,0,0,0,0,0,0,0,0,0,0,0,0,0,0,0,0,0,0,0,0,0,0,0,0,0,0,0,0,0,0,0,0,0,0,0,0,0,0,0,0,0,0,0,0,0,0,0,0,0,0,0,0,0,0,0,0,0,0,0,0,0,0,0,0,0,0,0,0,0,0,0,0,0,0,0,0,0,0,0,0,0,0,0,0,0,0,0,0,0,0,0,0,0,0,0,0,0,0,0,0,0,0,0,0
14,Guam,0,0,0,0,0,0,0,0,0,0,0,0,0,0,0,0,0,0,0,0,128,0,0,2,0,1,0,0,0,0,0,3,2,0,0,0,0,0,0,0,0,5,1,1,5,0,3,0,0,0,1,0,0,2,0,0,0,0,1,11,0,0,0,0,0,0,1,0,0,0,2,0,0,0,0,0,0,0,1,0,0,0,0,0,1,1,1,4,5,22,0,0,2,1,5,11,0,0,6,4,10,13,0,0,0,21,0,0,2,1,0,0,2,0,0,0,0,0,0,0,0,4,5,0,0,0,0,2,0,2,0,0,12,6,1,7,12,0,0,7,0,31,0,26,23,0,0,68,21,0,86,50,0,0,105,76,128,91,22,0,0,63,14,0,3,30,0,0,0,0,0,48,0,0,0,0,0,0,9,5,0,0,14,39,9,2,0,0,0,0,133,32,0,0,129,0,123,37,46,0,49,0,0,62,94,0,87,106,0,0,162,126,36,14,53,0,0,89,74,40,63,48,0,0,0,0,81,0,19,0,1,142,167,0,0,0,0,0,0,0,0,0,510,0,0,0,0,242,0,0,0,0,0,8,0,0,0,0,0,0,0,0,0,0,0,0,0,0,17,0,0,0,0,0,18,0,0,2,0,0,0,0,0,0,17,0,0,0,0,8,7,12,0,0,6,0,0,3,14,0,0,0,7,0,0,12,0,0,0,0,0,2,5,0,0,7,0,0,1,8,0,0,12,0,0,6,0,0,0,0,0,0,0,10,0,0,0,0,2,0,0,0,0,2,0,0,0,0,1,0,0,0,0,0,0,0,0,0,0,0,0,0,0,0,0,0,0,0,0,0,0,0,0,0,0,0,0,0,0,0,0,0,0,0,0,0,0,0,0,0,0,0,0,0,0,0,0,0,0,0,0,0,0,0,0,0,0,0,0,0,0,0,0,0,0,0,0,0,0,0,0,0,0,0,0,0,0,0,0,0,0,0,0,0,0,0,0,0,0,0
15,Hawaii,0,0,0,0,0,0,0,0,0,0,0,0,0,0,0,0,0,0,0,0,490,5,7,13,6,11,33,5,4,2,4,4,4,4,0,0,2,4,0,0,0,0,0,0,0,0,0,1,16,0,1,1,0,0,0,0,0,0,0,4,0,0,0,0,0,0,0,0,1,0,0,1,0,0,10,6,0,0,5,0,6,13,13,4,7,0,1,16,26,0,23,0,0,12,3,5,0,18,0,14,0,15,23,16,22,0,37,7,22,0,35,0,2,0,18,0,0,0,2,0,11,0,25,47,48,44,16,34,94,114,111,69,19,181,121,133,101,161,204,108,100,80,119,301,231,242,165,140,106,150,178,227,242,209,131,122,274,250,177,267,132,83,119,281,152,180,140,85,43,27,60,109,109,0,26,0,0,0,0,0,0,0,0,0,61,0,0,0,0,58,25,77,60,41,73,41,18,56,49,53,121,22,38,5,26,36,40,56,63,33,0,52,0,61,82,26,65,0,22,0,0,14,9,45,29,43,93,71,119,127,127,63,309,117,97,118,107,0,94,52,68,107,117,155,120,113,60,106,115,122,76,52,85,43,76,140,111,128,103,81,53,76,121,135,194,74,187,52,100,134,155,152,201,132,64,92,125,154,109,94,45,71,104,172,276,159,122,75,107,115,287,279,224,177,162,108,90,158,205,154,119,115,12015,67,109,156,123,137,116,4,91,92,138,109,75,84,62,64,99,120,104,71,30,28,46,83,80,57,42,31,16,26,59,54,49,63,49,44,39,36,71,97,54,26,33,15,55,87,80,0,0,0,0,0,0,0,0,0,0,0,0,0,0,0,0,0,0,0,0,0,0,0,0,0,0,0,0,0,0,0,0,0,0,0,0,0,0,0,0,0,0,0,0,0,0,0,0,0,0,0,0,0,0,0,0,0,0,0,0,0,0,0,0,0,0,0,0,0,0,0,0,0,0,0,0,0,0,0,0,0,0,0,0,0,0,0,0,0,0,0
16,Idaho,0,0,0,0,0,0,0,0,0,0,0,0,0,0,0,0,0,0,0,0,1380,19,32,3,112,22,44,12,3,61,27,67,34,15,10,0,51,0,0,0,5,0,45,0,9,0,0,5,0,27,0,0,34,0,52,0,35,0,29,0,55,0,11,0,0,0,0,0,3,13,0,75,0,28,70,0,0,50,0,0,0,35,0,0,0,22,126,18,53,38,0,250,0,69,336,0,341,0,430,189,93,63,1992,346,336,290,466,401,412,455,532,349,436,232,624,528,452,398,409,231,365,321,170,260,0,679,260,287,202,295,191,131,0,333,309,207,355,239,314,0,191,303,329,188,289,20,0,10,165,48,87,0,0,0,0,182,23,32,0,40,0,0,15,57,0,54,0,0,0,30,1148,0,33,0,0,455,0,28,61,180,61,52,207,261,204,261,318,351,28,260,341,429,306,484,261,84,267,470,490,483,456,409,157,379,363,465,433,857,629,289,394,611,665,576,759,723,398,394,624,604,608,748,434,168,404,857,954,892,958,1004,285,882,855,1376,757,1127,1134,584,706,1431,878,1129,1284,667,545,899,1260,1752,0,1983,455,597,864,1108,973,1214,1457,942,541,915,1447,1881,1295,1075,497,104,286,1265,843,716,758,255,476,270,1234,805,420,0,549,0,160,725,490,209,0,1110,0,131,853,524,156,398,212,179,0,238,246,0,297,101,0,0,1194,0,0,0,0,0,0,0,0,0,0,0,0,472,0,0,0,0,0,0,440,0,0,0,0,0,0,0,459,0,0,0,0,0,434,0,137,0,0,0,0,315,0,218,13,0,101,0,0,0,0,0,0,0,0,0,0,0,0,0,0,0,0,0,0,0,0,0,0,0,0,0,0,0,0,0,0,0,0,0,0,0,0,0,0,0,0,0,0,0,0,0,0,0,0,0,0,0,0,0,0,0,0,0,0,0,0,0,0,0,0,0,0,0,0,0,0,0,0,0,0,0,0,0,0,0,0,0,0,0,0,0,0,0,0,0,0,0
17,Illinois,0,0,0,0,0,0,0,0,0,0,0,0,0,0,0,0,0,0,0,0,20132,1095,1153,1264,1018,1784,1455,1166,1097,1427,1951,1707,2614,2039,2068,1930,2077,2166,2420,3035,2348,2935,2237,1937,2203,2502,2759,2217,1599,1213,3872,1482,3107,2301,2018,1686,2237,1400,2242,2188,2648,2277,2442,1684,1140,951,1424,1538,1402,1283,952,1501,886,814,1097,906,827,638,703,548,676,520,644,653,455,551,459,541,649,589,636,438,565,652,854,820,760,631,724,703,800,0,1683,853,633,608,1462,944,998,1311,1171,935,877,682,1179,1232,1414,1258,960,1166,919,1588,1601,1583,1414,1540,1213,1044,1379,1756,1958,1631,1456,1289,1452,1731,1932,2072,2172,1377,1318,1529,1630,1810,2269,1823,1543,1761,1712,2273,1805,2271,2339,1887,1604,1652,2119,1684,2416,1869,1981,1659,1454,2101,1336,5556,2781,1408,1361,1385,1309,1925,2269,2098,1446,1367,1446,1908,2031,2200,2499,1388,1470,1504,1828,2226,2740,2416,1587,1696,1343,2237,2140,2404,2411,1436,1839,1586,2588,3062,3085,2875,2718,2727,2823,2819,3961,5054,3602,4223,3091,3672,4274,4899,4959,6098,4033,4712,3954,6059,6306,8440,7853,6945,6204,6448,7483,9838,11718,12347,9959,10548,12541,12504,12654,15370,10831,10557,11590,12488,8771,14432,12865,11735,9913,8261,9319,11200,11867,7483,7720,7134,6087,12396,9491,10732,10368,9653,7498,8593,7740,8028,10869,9197,8573,7108,7099,7226,6933,8620,7156,7442,5922,4579,6095,6591,6919,5548,3223,3655,4319,5518,7159,7842,0,11727,4361,4969,6689,7396,8551,9110,6615,4628,4706,6508,5742,6545,6493,5196,4132,3317,4283,4690,4841,6931,5041,3257,2880,3558,3655,4067,4083,3278,2388,2292,2241,3230,3251,3554,2989,2003,1701,2059,2758,2722,2556,2032,1597,1375,1315,1770,1894,2147,1776,1554,1198,1651,1962,1862,2357,1763,1221,1120,1525,2064,1688,1407,2502,0,0,0,0,0,0,0,0,0,0,0,0,0,0,0,0,0,0,0,0,0,0,0,0,0,0,0,0,0,0,0,0,0,0,0,0,0,0,0,0,0,0,0,0,0,0,0,0,0,0,0,0,0,0,0,0,0,0,0,0,0,0,0,0,0,0,0,0,0,0,0,0,0,0,0,0,0,0,0,0,0,0,0,0,0,0,0,0,0,0,0
18,Indiana,0,0,0,0,0,0,0,0,0,0,0,0,0,0,0,0,0,0,0,0,7585,424,131,384,541,567,464,553,462,351,310,561,607,673,586,918,570,531,503,734,725,621,555,466,671,596,610,543,376,469,462,305,553,558,574,488,463,391,529,613,445,469,463,331,343,333,593,448,638,0,0,0,0,0,0,0,0,0,0,0,0,0,0,76,288,0,0,0,0,0,166,0,0,260,0,116,85,142,0,52,0,43,158,191,364,5,0,0,172,391,450,347,132,394,259,267,308,523,672,275,689,740,0,529,442,570,217,329,103,247,167,473,331,571,4626,0,0,462,1020,1036,661,0,0,1024,0,614,421,0,0,0,151,154,990,613,1655,0,0,136,0,653,522,0,0,0,199,78,607,498,0,0,0,0,373,688,926,0,0,0,0,94,1068,0,0,0,0,0,266,691,652,566,0,38,305,2292,0,1082,0,79,451,709,1141,1897,1563,0,569,226,968,1535,2451,757,247,237,646,1762,1318,2131,1645,530,523,1081,2189,1876,2531,2085,1517,1151,2191,2834,3037,3825,3913,1481,2372,2549,3967,3019,6845,5802,1772,2228,2914,4232,3834,5415,4864,1310,1502,1179,1556,1077,2021,2632,0,0,1526,2903,2389,4677,4526,0,0,226,965,2048,4582,3774,0,0,667,5002,896,1574,3573,0,0,0,0,202,923,198,0,0,888,3203,3284,3351,1892,434,0,3483,4545,3655,4129,4405,810,329,1595,3076,3947,2528,2454,0,0,0,1419,2623,1410,1571,0,0,0,432,650,1004,1179,0,0,0,0,0,1865,1133,0,32,114,493,250,654,993,0,0,0,0,223,997,699,0,429259,989,1057,907,846,714,518,509,751,905,805,1202,0,0,0,0,0,0,0,0,0,0,0,0,0,0,0,0,0,0,0,0,0,0,0,0,0,0,0,0,0,0,0,0,0,0,0,0,0,0,0,0,0,0,0,0,0,0,0,0,0,0,0,0,0,0,0,0,0,0,0,0,0,0,0,0,0,0,0,0,0,0,0,0,0,0,0,0,0,0,0,0,0,0,0,0,0,0,0,0,0,0,0
19,Iowa,0,0,0,0,0,0,0,0,0,0,0,0,0,0,0,0,0,0,0,0,1546,123,181,92,139,187,171,388,253,478,100,170,510,642,378,383,499,455,0,529,497,354,363,303,50,180,0,0,132,313,152,24,97,26,0,91,130,0,66,223,0,209,279,247,0,422,0,0,14,176,0,12,0,228,86,188,138,60,0,167,10,102,262,150,0,0,7,81,200,75,357,11,0,0,607,40,202,292,89,0,44,357,0,332,321,0,0,87,259,1365,268,618,0,0,425,583,344,195,422,395,6,260,265,340,191,320,84,0,57,62,0,297,293,0,0,0,0,0,0,166,22,0,0,0,305,311,238,107,0,42,469,245,190,336,208,27,682,2117,793,360,828,348,6,0,719,558,472,320,158,0,9,183,253,221,271,118,0,202,0,909,241,351,160,0,114,0,0,0,366,136,0,16,10,161,0,156,185,177,244,611,340,321,586,140,0,483,59,1325,6,323,333,0,0,450,682,622,1125,553,0,1019,1384,1825,1973,2125,1098,229,1614,3980,2155,3258,4133,4694,2068,3352,3774,4313,3642,2408,2950,1769,2955,2556,2753,1856,1878,2579,68,1114,0,0,0,397,741,0,0,0,0,0,0,0,0,0,0,0,0,0,0,0,0,0,0,0,0,307,0,0,0,261,0,0,487,0,0,0,0,0,13,939,0,351,668,0,0,10,533,0,97,0,0,0,0,401,0,0,223,191,765,0,1121,0,0,0,0,430,0,62,0,0,0,0,0,0,106,0,0,0,0,0,0,83,0,0,0,26081,0,0,283,0,0,0,0,0,0,190,0,0,0,707,727,0,0,0,0,0,0,0,0,0,0,0,0,0,0,0,0,0,0,0,0,0,0,0,0,0,0,0,0,0,0,0,0,0,0,0,0,0,0,0,0,0,0,0,0,0,0,0,0,0,0,0,0,0,0,0,0,0,0,0,0,0,0,0,0,0,0,0,0,0,0,0,0,0,0,0,0,0,0,0,0,0,0,0,0,0,0,0,0,0,0,0
20,Kansas,0,0,0,0,0,0,0,0,0,0,0,0,0,0,0,0,0,0,0,0,1288,40,44,61,102,113,88,76,134,109,164,389,233,174,141,191,178,180,302,207,243,269,210,255,320,333,323,138,101,197,77,228,186,156,51,14,325,49,143,116,271,37,58,111,71,48,79,277,28,10,218,32,86,74,114,54,45,122,64,106,70,140,45,81,208,92,212,105,247,73,38,284,107,368,175,320,152,229,343,161,416,169,647,251,169,539,218,452,449,492,382,292,648,241,429,467,535,303,302,624,269,513,474,563,456,279,481,247,483,286,449,228,276,537,349,412,355,480,325,199,489,278,577,381,513,853,0,719,255,478,484,933,493,270,870,314,918,478,655,541,166,821,358,823,537,909,289,173,494,674,376,374,513,278,106,852,314,677,440,919,361,213,901,360,802,445,1088,228,221,1068,380,628,471,897,255,255,814,481,548,526,1145,323,263,1057,449,888,690,976,471,245,1242,597,1217,560,1067,351,278,1119,894,1288,881,1819,756,415,2039,998,1989,1848,3342,1079,870,9589,355,5234,313,6197,12,41,7054,592,5350,437,5558,186,18,7640,229,5006,355,4685,89,0,4333,318,4394,301,5780,217,1,5377,441,5066,264,5244,142,0,4466,278,4123,263,5492,64,5,3964,282,4639,127,0,0,0,5926,366,5689,6,4632,11,0,3934,0,5098,0,5063,0,0,4833,0,4119,0,5106,0,0,3372,178,3378,187,3095,0,0,2521,75,2962,77,1970,0,0,1954,147,1997,41,2258,0,0,1278,3,1705,63,1101,0,0,1282,15,1088,31,1931,0,0,807,6246,1019,26,771,0,0,639,10,718,30,508,210,0,0,0,0,0,0,0,0,0,0,0,0,0,0,0,0,0,0,0,0,0,0,0,0,0,0,0,0,0,0,0,0,0,0,0,0,0,0,0,0,0,0,0,0,0,0,0,0,0,0,0,0,0,0,0,0,0,0,0,0,0,0,0,0,0,0,0,0,0,0,0,0,0,0,0,0,0,0,0,0,0,0,0,0,0,0,0,0,0,0,0
21,Kentucky,0,0,0,0,0,0,0,0,0,0,0,0,0,0,0,0,0,0,0,0,1866,39,37,153,211,79,178,251,82,137,160,95,291,131,167,66,207,153,0,161,0,246,0,563,0,117,103,57,0,230,139,0,262,152,215,0,235,56,88,16,46,84,0,0,377,98,99,213,177,0,334,93,209,267,251,278,0,172,220,159,49,217,247,0,189,0,322,138,245,160,118,85,234,106,233,224,307,61,0,221,149,0,272,0,0,730,302,323,295,100,383,265,238,519,358,376,0,518,974,200,592,404,554,428,802,314,450,511,586,557,870,0,460,121,611,482,449,472,689,403,206,450,1071,663,548,556,0,686,521,517,629,571,793,0,724,609,655,603,236,755,446,314,732,742,800,741,755,307,255,237,582,707,892,648,527,286,665,675,529,691,902,433,328,729,660,540,789,892,452,406,904,932,741,922,1186,612,212,726,2339,544,689,860,844,559,376,0,990,1217,1142,804,558,1108,1299,1193,1338,1723,1459,763,1589,1723,1680,1792,1907,1419,977,1171,995,1611,1596,1552,1173,289,1842,2684,1854,2896,2825,1446,1269,2686,2432,3228,3505,3253,2188,1672,2249,2877,0,5063,2281,2732,1821,3883,3601,3495,2251,3759,2557,1872,2937,3270,4221,3166,3096,2429,1226,2729,2684,2010,3142,2495,1640,1865,2605,2550,0,0,4757,1463,1410,2808,3125,0,0,8101,2728,2211,1623,5352,4500,4452,3751,3101,2047,2820,3983,3737,3804,2582,2316,1733,1964,3134,3426,2616,3669,1509,1550,2539,2321,2106,2176,2354,1653,1470,2177,2171,2114,1908,1721,46422,0,2106,1713,1681,1243,728,1424,645,1089,841,891,1711,1077,907,490,1183,1085,1366,1014,862,644,441,861,999,974,837,787,0,0,0,0,0,0,0,0,0,0,0,0,0,0,0,0,0,0,0,0,0,0,0,0,0,0,0,0,0,0,0,0,0,0,0,0,0,0,0,0,0,0,0,0,0,0,0,0,0,0,0,0,0,0,0,0,0,0,0,0,0,0,0,0,0,0,0,0,0,0,0,0,0,0,0,0,0,0,0,0,0,0,0,0,0,0,0,0,0,0,0
22,Louisiana,0,0,0,0,0,0,0,0,0,0,0,0,0,0,0,0,0,0,0,0,19755,377,373,343,528,529,408,319,563,254,336,355,340,325,239,284,157,330,0,645,406,181,0,272,351,212,184,522,164,0,196,578,791,317,249,303,0,311,251,1167,382,0,221,0,234,422,287,0,756,334,0,371,352,416,398,484,319,0,549,407,423,514,1280,326,0,510,908,0,0,850,392,0,1339,864,926,1328,0,1458,0,992,1265,1366,1705,0,1927,1093,1913,0,1827,2617,2144,1306,1698,2193,0,2256,2155,0,3082,3267,1655,0,2280,1943,0,3792,2320,1095,0,1666,1775,0,3409,1082,3588,0,1253,1439,0,2597,538,1138,0,1089,1270,0,1104,548,612,0,890,849,0,1164,605,517,0,654,576,0,1597,307,655,0,796,808,0,1337,297,243,0,443,714,0,1248,475,345,0,461,950,0,910,234,741,0,561,685,0,902,225,523,0,543,791,0,861,209,526,0,519,231,0,1161,46,672,0,731,754,0,1120,185,693,0,757,678,0,955,210,904,0,376,422,0,1064,267,1136,0,661,849,0,1246,379,6340,0,0,3426,0,2521,537,2611,0,2037,4709,0,3456,944,3204,0,0,4923,0,1627,156,5291,0,2720,3075,0,3910,990,2381,0,2375,2819,0,4371,1003,2583,0,3745,3083,0,3663,1051,3648,0,2519,0,0,3204,772,3885,0,4006,0,0,5734,1075,4417,0,4483,3272,0,5358,1360,4652,0,5255,3705,0,4004,921,2067,0,3677,1896,0,3525,2055,2589,0,2438,2309,0,3292,912,2562,0,2722,834,0,1908,1154,1345,0,2701,1133,0,1290,470,0,0,813,407,0,1863,457,1378,0,731,877,0,1487,384,748,0,738,488,0,0,0,0,0,0,0,0,0,0,0,0,0,0,0,0,0,0,0,0,0,0,0,0,0,0,0,0,0,0,0,0,0,0,0,0,0,0,0,0,0,0,0,0,0,0,0,0,0,0,0,0,0,0,0,0,0,0,0,0,0,0,0,0,0,0,0,0,0,0,0,0,0,0,0,0,0,0,0,0,0,0,0,0,0,0,0,0,0,0,0,0
23,Maine,0,0,0,0,0,0,0,0,0,0,0,0,0,0,0,0,0,0,0,0,614,65,36,31,23,29,17,18,7,12,16,25,25,0,47,7,17,15,0,0,0,14,6,0,2,55,0,12,24,14,0,7,32,3,25,23,0,0,66,13,22,23,10,0,6,0,4,0,5,0,0,0,0,0,0,0,26,0,0,0,0,11,0,15,0,0,0,17,12,0,8,0,0,0,31,2,27,26,0,11,16,7,12,2,0,0,0,0,0,0,0,0,5,0,0,5,17,0,30,13,0,0,0,0,10,21,10,0,11,12,7,9,11,2,0,0,0,13,0,8,0,0,0,6,15,15,16,15,5,9,0,13,11,1,0,0,0,0,0,44,11,2,0,0,40,0,0,38,0,3,0,0,121,21,13,30,0,0,11,22,20,25,8,17,0,11,0,0,0,0,6,3,13,1,0,16,0,0,0,15,0,12,6,4,20,0,0,0,35,0,0,0,0,14,0,32,46,23,22,35,59,67,73,12,52,83,90,124,105,79,63,93,105,915,0,105,0,67,24,50,0,40,35,41,156,0,0,0,39,0,0,90,100,0,23,175,142,164,134,361,161,307,351,291,374,289,367,339,513,543,375,368,180,295,401,585,690,290,0,287,402,0,1094,641,696,273,319,290,556,497,471,709,568,272,290,688,779,769,771,332,299,264,349,659,643,573,282,0,425,623,415,258,314,316,145,201,376,237,284,246,241,148,190,181,237,169,168,134,98,137,87,71,182,106,132,128,92,134,140,187,170,192,139,123,175,136,133,220,183,0,0,0,0,0,0,0,0,0,0,0,0,0,0,0,0,0,0,0,0,0,0,0,0,0,0,0,0,0,0,0,0,0,0,0,0,0,0,0,0,0,0,0,0,0,0,0,0,0,0,0,0,0,0,0,0,0,0,0,0,0,0,0,0,0,0,0,0,0,0,0,0,0,0,0,0,0,0,0,0,0,0,0,0,0,0,0,0,0,0,0
24,Maryland,0,0,0,0,0,0,0,0,0,0,0,0,0,0,0,0,0,0,0,0,7989,685,496,551,744,773,667,481,716,439,536,912,829,1073,780,871,555,674,0,1705,757,883,881,521,906,1019,1042,877,889,742,519,636,921,922,815,791,926,1675,610,1066,701,995,748,804,499,610,1183,1138,906,625,511,730,648,834,704,658,417,404,426,497,646,282,604,378,297,330,529,196,260,326,308,286,365,301,355,296,288,275,467,287,325,486,517,365,280,269,465,407,526,423,517,593,412,716,749,594,695,768,916,549,804,570,660,917,1277,687,1121,479,741,882,1067,982,900,835,703,557,523,739,702,903,749,547,512,762,680,804,507,497,511,381,562,658,613,573,564,355,425,553,552,611,491,455,0,401,668,775,742,505,750,323,312,486,622,766,571,531,564,605,600,495,652,406,407,316,376,476,536,578,416,461,390,384,753,673,544,469,494,403,450,744,695,614,541,500,467,497,585,759,783,519,491,547,450,692,673,758,778,559,856,659,923,897,940,841,845,742,978,1168,1522,1381,1063,1360,1318,1690,1455,1837,2282,1819,1713,2095,1989,2869,2294,2844,2141,1639,1628,2628,2278,2352,1523,1968,1906,2728,2143,1968,3690,3134,2612,2271,2577,2614,3107,2532,3474,2615,2282,2330,2333,2090,2510,2113,2002,2228,2276,2347,2807,2325,2259,1698,1957,1813,2583,2873,3507,2911,2117,2445,1896,3093,2916,3674,3720,3284,2979,2596,2474,2899,2878,3238,2385,1739,1917,2127,2118,2329,2345,2114,1649,1418,1904,2146,1841,2057,1719,1134,870,901,1523,1508,1458,1535,879,935,1104,1150,1071,1120,825,696,482,741,939,988,734,594,594,632,815,951,929,802,806,591,434,764,800,895,921,0,0,0,0,0,0,0,0,0,0,0,0,0,0,0,0,0,0,0,0,0,0,0,0,0,0,0,0,0,0,0,0,0,0,0,0,0,0,0,0,0,0,0,0,0,0,0,0,0,0,0,0,0,0,0,0,0,0,0,0,0,0,0,0,0,0,0,0,0,0,0,0,0,0,0,0,0,0,0,0,0,0,0,0,0,0,0,0,0,0,0
25,Massachusetts,0,0,0,0,0,0,0,0,0,0,0,0,0,0,0,0,0,0,0,0,24719,1304,1297,1490,2263,2084,1811,1403,0,2867,1524,2901,4750,2205,1421,1420,1690,1711,1783,1952,1822,1666,914,1062,1546,1564,1462,1272,911,540,837,991,1518,1129,1399,985,977,797,917,1032,725,697,945,552,365,453,582,539,739,586,3651,308,362,422,460,521,277,153,208,221,473,346,298,160,64,178,197,235,198,258,95,133,213,124,201,183,345,205,66,155,0,377,273,0,125,148,186,0,270,185,274,184,225,293,0,222,276,342,284,253,227,0,311,324,271,350,282,241,473,0,485,411,406,189,537,0,199,399,408,315,269,382,275,0,285,455,382,244,216,0,301,475,124,0,634,386,0,347,444,434,186,293,351,298,0,189,422,357,221,163,0,383,426,538,272,245,307,0,414,445,573,344,249,162,524,0,477,551,579,419,504,0,730,751,655,641,495,487,0,436,753,629,546,747,736,0,562,737,563,716,812,971,680,0,1050,1194,1052,1195,1253,1145,0,1558,1414,1109,832,1024,1687,0,2092,2279,1803,1314,2133,2622,0,2883,3019,2097,2153,2505,2857,0,2365,3187,2671,1754,2556,3342,0,0,3176,2449,1142,3043,4981,0,5455,5576,4776,2450,4081,5875,0,5607,5239,4811,3614,3874,5882,0,5627,4297,4201,3801,3755,4731,0,0,7630,3034,4150,4085,6719,0,0,8924,3373,4845,4571,6749,0,8044,7325,5579,12,9604,5832,0,5449,5725,4345,3248,3041,4434,5063,0,4564,3875,3606,2453,3236,0,3022,4021,2619,2368,2194,2399,0,3212,3557,3029,1314,1523,1967,0,2327,2017,1822,1540,1176,1304,0,1778,1917,1473,1235,1207,2040,0,1941,1657,1417,1369,263,1829,0,0,3543,0,0,0,0,0,0,0,0,0,0,0,0,0,0,0,0,0,0,0,0,0,0,0,0,0,0,0,0,0,0,0,0,0,0,0,0,0,0,0,0,0,0,0,0,0,0,0,0,0,0,0,0,0,0,0,0,0,0,0,0,0,0,0,0,0,0,0,0,0,0,0,0,0,0,0,0,0,0,0,0,0,0,0,0,0,0,0,0,0,0,0
26,Michigan,0,0,0,0,0,0,0,0,0,0,0,0,0,0,0,0,0,0,0,0,22765,1268,1200,905,675,983,687,550,499,560,1061,1166,1237,363,544,340,891,1035,0,900,0,562,103,417,655,477,587,0,342,341,379,330,1118,459,0,594,749,333,616,432,374,0,309,189,198,436,368,573,0,401,110,162,287,181,5277,0,415,278,22,177,237,218,0,215,29,168,226,276,293,0,163,239,228,353,415,339,0,263,273,473,356,575,494,0,360,323,603,640,503,608,0,405,415,661,1045,908,747,0,528,520,655,665,694,636,550,0,507,769,1015,786,786,0,426,606,797,711,735,796,0,536,573,900,470,1151,857,0,471,490,637,679,511,0,0,760,874,930,837,847,787,0,1354,494,781,634,764,1046,0,0,1208,498,895,966,1399,0,0,1219,678,755,968,779,0,0,1563,679,886,1072,1032,0,0,1322,1097,1183,979,976,0,0,1440,1129,1207,1377,1316,0,0,1937,1436,1580,2424,2191,0,0,2995,1851,1843,2158,2026,0,0,4027,2642,3569,4062,3333,0,0,6903,3392,4376,6052,4199,0,0,9172,6858,6578,7262,9056,0,0,13107,7806,6156,7839,10083,0,0,11878,6628,4611,0,17181,0,0,10693,6316,7350,7764,9343,0,0,9723,6473,5261,6108,5561,0,0,7527,5185,4551,4328,4452,0,0,4980,3325,3747,0,0,0,0,3486,3751,4730,0,0,0,0,5405,2814,4797,4043,3868,0,0,5082,2364,3088,3120,2962,0,0,3326,1529,3128,2350,2520,0,0,3309,1989,2056,2167,2131,0,0,2561,1360,1682,1804,1729,0,0,2119,856,1225,1427,1527,0,0,1441,1105,1229,1110,1450,0,0,1658,1747,1549,1551,1255,0,0,1854,1617,1699,1788,1779,1635,0,0,0,0,0,0,0,0,0,0,0,0,0,0,0,0,0,0,0,0,0,0,0,0,0,0,0,0,0,0,0,0,0,0,0,0,0,0,0,0,0,0,0,0,0,0,0,0,0,0,0,0,0,0,0,0,0,0,0,0,0,0,0,0,0,0,0,0,0,0,0,0,0,0,0,0,0,0,0,0,0,0,0,0,0,0,0,0,0,0,0
27,Minnesota,0,0,0,0,0,0,0,0,0,0,0,0,0,0,0,0,0,0,0,0,1551,0,65,106,0,237,129,134,105,80,136,199,222,238,128,195,355,445,0,457,363,0,0,187,307,460,308,53,0,0,8208,0,160,438,0,73,106,0,0,237,564,41,81,29,0,0,107,280,0,0,0,0,0,53,300,110,0,0,0,0,239,296,0,0,0,0,3,198,196,0,0,0,0,0,204,334,18,100,0,60,61,265,222,0,0,4140,91,0,278,350,230,137,0,0,132,486,381,0,40,158,0,0,461,404,55,53,0,0,8,411,441,0,23,0,0,0,473,205,80,0,0,0,0,192,409,0,0,0,0,0,320,502,0,36,24,0,0,637,518,110,121,0,0,0,377,471,0,0,0,0,0,0,122,0,0,0,0,0,605,734,715,365,83,0,0,554,777,457,78,0,0,0,465,644,55,0,0,0,0,627,915,167,313,0,0,134,427,1704,35,163,0,0,0,723,995,231,0,0,470,460,1985,2462,677,0,477,1359,1566,2550,4040,1003,2366,452,1289,1014,4883,3209,3176,1883,684,0,0,3295,2659,0,0,0,0,0,0,1335,0,1151,0,0,0,2257,2154,0,0,0,2210,0,0,451,0,0,0,0,0,393,452,0,0,0,0,0,48,0,649,0,0,0,0,733,0,1357,0,994,444,2007,339,1109,0,0,0,0,908,0,224,0,0,0,0,0,254,692,0,0,0,0,0,440,433,0,0,0,0,0,717,485,0,0,0,0,0,269,519,0,0,0,0,0,360,574,0,0,0,0,0,450,484,0,0,0,0,0,450,336,934,0,0,0,0,0,0,0,0,0,0,0,0,0,0,0,0,0,0,0,0,0,0,0,0,0,0,0,0,0,0,0,0,0,0,0,0,0,0,0,0,0,0,0,0,0,0,0,0,0,0,0,0,0,0,0,0,0,0,0,0,0,0,0,0,0,0,0,0,0,0,0,0,0,0,0,0,0,0,0,0,0,0,0,0,0,0,0,0,0,0,0
28,Mississippi,0,0,0,0,0,0,0,0,0,0,0,0,0,0,0,0,0,0,0,0,2685,159,132,262,257,158,169,293,228,190,168,251,273,272,187,181,238,216,0,377,219,97,0,298,185,240,391,276,114,0,212,174,378,305,305,162,0,245,247,245,388,359,246,0,256,295,305,404,423,283,0,261,266,226,200,262,225,0,345,339,0,595,249,166,0,333,466,0,0,0,0,0,558,504,1087,544,452,357,0,666,644,860,903,986,222,0,913,644,687,1020,782,849,0,840,1007,1212,1008,1003,783,0,1604,1513,969,1505,1381,1158,0,1262,1696,1727,1116,1104,662,0,1032,1194,935,1013,1184,505,460,0,1036,590,912,788,377,0,763,1312,867,850,922,623,503,0,846,559,585,721,633,0,614,748,741,801,528,395,241,0,388,484,839,430,242,0,477,689,677,485,638,276,0,429,528,733,702,628,174,0,553,540,686,652,597,319,0,961,539,555,856,941,289,0,699,851,1310,1108,740,0,0,699,780,950,788,1195,0,0,834,981,962,731,818,326,0,608,753,1604,953,1017,794,0,896,1239,1254,1300,1349,966,0,869,1573,1377,1615,1957,760,0,612,1076,1728,999,1543,1818,0,1112,2442,2140,2443,1909,1461,0,1676,2722,2241,2286,2609,1481,0,2157,2301,2235,2473,1664,2203,0,2112,2591,2303,1521,842,1324,0,1858,2995,2716,2546,1867,1753,0,1676,2753,0,5342,3158,2193,0,1550,1911,1907,2287,2610,1566,0,1143,1638,2260,2005,1817,1176,0,1377,2009,1776,2148,1493,784,694,749,765,0,1170,992,897,634,0,759,888,945,663,1092,542,0,661,127,357,331,390,242,0,641,912,706,518,692,199,0,361,458,572,554,0,0,0,0,0,0,0,0,0,0,0,0,0,0,0,0,0,0,0,0,0,0,0,0,0,0,0,0,0,0,0,0,0,0,0,0,0,0,0,0,0,0,0,0,0,0,0,0,0,0,0,0,0,0,0,0,0,0,0,0,0,0,0,0,0,0,0,0,0,0,0,0,0,0,0,0,0,0,0,0,0,0,0,0,0,0,0,0,0,0,0
29,Missouri,0,0,0,0,0,0,0,0,0,0,0,0,0,0,0,0,0,0,0,0,4151,241,205,41,367,182,195,162,146,152,197,215,262,138,183,125,158,202,146,239,273,257,323,152,183,237,118,167,148,78,97,113,175,157,180,143,123,131,126,133,138,125,179,324,99,241,146,81,170,138,286,281,169,245,124,369,72,127,172,154,176,279,231,30,347,242,194,266,283,382,403,128,407,109,512,569,349,117,136,175,21,1575,521,420,232,395,691,670,816,648,530,273,396,942,812,814,861,955,817,579,1082,1292,1533,1569,1394,1117,1317,1681,1754,2181,1467,1005,552,1027,1197,1185,1154,1042,181,1355,969,1076,1508,1471,1355,1198,1187,997,820,1221,1060,1267,1323,829,814,776,1342,1464,1446,1468,1301,1147,1088,1462,1415,1568,1882,1304,912,772,1311,1223,1523,2014,1704,1274,1341,1207,1687,1805,1459,1305,1355,1046,1522,1343,1855,1987,1521,1235,257,181,186,4003,1618,1440,1293,932,1064,1537,1887,4652,256,216,205,4315,1952,2244,2081,1836,1474,1387,1401,1920,1951,2525,1955,1722,1577,2160,381,5373,2766,2332,2893,2186,2788,3771,4338,4516,3925,3275,4434,3922,5026,4383,9631,779,4159,5372,4605,4333,4733,4891,4287,3531,3778,4357,4461,3168,2422,3308,3786,2798,2826,4125,4162,5056,3824,2802,3188,2740,4008,987,6925,2783,2925,2691,2803,3739,3536,3230,2243,3124,1992,3003,3379,1736,2026,1479,1577,2840,2945,3874,0,399904,2514,1375,2459,2249,4669,4063,3897,2764,1746,2007,2159,2711,2190,2083,1437,1313,1284,1594,2077,1860,1935,2157,842,1209,3361,2013,2047,1299,1034,787,987,1133,1496,1322,1078,741,514,642,1058,856,883,649,485,433,519,643,604,575,670,419,410,431,601,680,508,464,243,389,359,297,513,374,490,0,0,0,0,0,0,0,0,0,0,0,0,0,0,0,0,0,0,0,0,0,0,0,0,0,0,0,0,0,0,0,0,0,0,0,0,0,0,0,0,0,0,0,0,0,0,0,0,0,0,0,0,0,0,0,0,0,0,0,0,0,0,0,0,0,0,0,0,0,0,0,0,0,0,0,0,0,0,0,0,0,0,0,0,0,0,0,0,0,0,0
30,Montana,0,0,0,0,0,0,0,0,0,0,0,0,0,0,0,0,0,0,0,0,381,6,5,5,11,6,2,7,0,2,0,3,2,1,3,1,1,0,0,0,0,0,2,0,0,0,0,0,0,0,0,0,0,4,2,0,0,0,4,1,0,0,0,0,0,0,3,5,12,2,0,3,0,11,0,0,2,3,0,5,2,8,0,12,8,0,12,18,10,30,19,16,0,18,36,8,8,11,51,15,33,53,38,39,45,37,40,1,56,65,74,80,72,98,113,79,111,22,62,0,0,49,52,0,59,0,27,76,91,109,55,0,102,0,0,60,29,0,0,43,0,0,105,0,60,5,69,25,8,0,34,0,142,52,33,80,68,103,0,78,84,34,0,53,35,51,0,75,48,40,36,0,51,109,88,71,0,150,0,122,229,0,58,207,0,206,270,274,168,245,54,181,256,209,469,282,157,0,369,472,506,217,584,301,342,143,0,299,443,548,472,0,353,0,514,0,339,104,205,62,352,0,623,648,649,400,635,0,660,757,752,341,1045,188,751,623,0,1266,843,0,0,1159,1389,0,785,291,0,0,46,0,227,954,0,126,0,0,452,0,427,345,251,0,0,0,0,0,0,0,155,170,24,0,386,0,0,102,0,0,0,0,0,0,0,223,0,0,0,148,0,7,0,489,0,0,0,0,81,0,246,0,99,0,0,0,0,9,0,37,0,0,70,0,0,0,0,0,0,0,0,96,0,0,0,0,0,0,0,0,0,0,0,0,30,0,1,0,0,0,0,63,0,0,0,0,0,64,6,79,0,0,0,0,0,0,0,0,0,0,0,0,0,0,0,0,0,0,0,0,0,0,0,0,0,0,0,0,0,0,0,0,0,0,0,0,0,0,0,0,0,0,0,0,0,0,0,0,0,0,0,0,0,0,0,0,0,0,0,0,0,0,0,0,0,0,0,0,0,0,0,0,0,0,0,0,0,0,0,0,0,0,0,0,0,0,0,0,0,0,0,0
31,Nebraska,0,0,0,0,0,0,0,0,0,0,0,0,0,0,0,0,0,0,0,0,774,23,80,4,50,111,183,221,169,37,123,380,219,295,303,330,159,334,416,724,309,339,376,336,316,632,485,275,78,228,123,377,348,340,600,0,448,229,253,305,226,301,171,228,257,359,255,398,251,196,244,271,0,0,0,0,0,0,0,0,110,0,0,0,0,0,12,0,0,0,0,0,0,2,122,0,0,0,0,0,0,66,0,0,0,0,38,56,92,0,0,0,88,155,77,28,48,0,0,0,221,143,217,110,0,125,280,0,80,240,246,5,158,8,116,216,211,0,0,0,111,114,10,261,327,0,0,0,91,62,163,0,0,0,0,130,178,204,14,44,0,0,77,235,366,0,0,0,0,280,304,323,133,0,0,215,135,244,332,178,155,286,295,0,327,282,34,0,120,273,197,409,442,334,152,95,232,277,417,413,0,1188,495,99,411,705,784,743,188,189,416,224,514,748,632,187,225,129,545,773,1379,820,645,637,426,1101,1405,1869,2768,99,1040,679,1537,1761,2199,1481,997,744,2405,1618,2293,2202,1490,640,41565,0,0,1429,4563,135,301,62,1036,802,1798,1384,0,1216,0,0,38,297,810,0,0,0,0,2,168,504,0,0,0,0,0,110,341,0,4439,0,690,0,0,1022,0,0,4477,0,45,1425,0,0,0,0,0,127,3381,0,0,0,1068,0,0,2286,0,0,0,0,6,276,0,546,0,0,0,0,4,365,0,0,0,0,0,128,323,373,0,1213,9,68,118,285,288,382,305,198,96,354,0,204,85,0,0,0,19,34,249,0,342,0,0,0,0,0,0,0,0,0,0,0,0,0,0,0,0,0,0,0,0,0,0,0,0,0,0,0,0,0,0,0,0,0,0,0,0,0,0,0,0,0,0,0,0,0,0,0,0,0,0,0,0,0,0,0,0,0,0,0,0,0,0,0,0,0,0,0,0,0,0,0,0,0,0,0,0,0,0,0,0,0,0,0,0,0,0,0,0,0,0,0
32,Nevada,0,0,0,0,0,0,0,0,0,0,0,0,0,0,0,0,0,0,0,0,2724,152,132,72,0,305,93,95,101,103,135,104,188,133,194,0,108,102,0,168,132,80,148,10,59,104,68,232,0,29,150,140,0,191,76,133,21,56,271,3,122,0,362,61,86,58,89,106,130,111,43,151,42,168,164,181,177,143,190,170,242,185,269,203,103,362,165,312,340,445,263,285,0,0,1309,376,1097,821,725,559,616,605,982,855,839,473,864,500,580,991,917,844,807,1074,817,1431,1361,1173,1287,922,780,1058,1199,934,921,1025,958,1050,842,973,1193,984,1131,948,914,596,702,910,857,803,707,495,489,560,1054,835,694,582,627,335,491,804,624,532,394,312,200,520,609,594,447,269,372,197,324,441,377,507,353,70,130,259,257,404,314,265,165,189,318,468,319,382,218,221,492,379,534,593,370,458,383,251,421,761,515,389,327,472,405,467,749,804,378,566,463,453,648,674,967,606,576,635,567,768,802,1142,886,458,712,542,1065,1224,977,712,535,930,1017,1252,1527,1819,1275,934,1305,1089,1435,1834,2254,1176,1888,1641,1610,5111,1809,1990,2149,2333,2847,3118,2519,1534,2888,1281,1636,2651,2117,2487,2880,3165,2498,2443,2657,3025,2143,2738,2598,2865,2571,2272,2310,2261,2843,2558,2057,1933,1052,2942,2204,1826,1588,1848,847,1702,2424,2077,2294,1820,2711,1392,2394,1878,3359,2810,2592,2243,1647,2547,1093,2125,1838,1977,1465,1216,1170,1100,1153,1821,1448,1179,987,897,974,1031,1291,1024,953,830,765,701,838,858,865,627,546,509,636,537,610,782,497,380,277,322,457,394,334,297,163,377,500,557,390,444,266,226,299,375,367,376,484,0,0,0,0,0,0,0,0,0,0,0,0,0,0,0,0,0,0,0,0,0,0,0,0,0,0,0,0,0,0,0,0,0,0,0,0,0,0,0,0,0,0,0,0,0,0,0,0,0,0,0,0,0,0,0,0,0,0,0,0,0,0,0,0,0,0,0,0,0,0,0,0,0,0,0,0,0,0,0,0,0,0,0,0,0,0,0,0,0,0,0
33,New Hampshire,0,0,0,0,0,0,0,0,0,0,0,0,0,0,0,0,0,0,0,0,906,56,0,210,0,143,54,48,53,43,92,79,48,77,60,74,72,48,0,155,116,0,160,40,19,75,42,9,40,88,68,49,80,60,76,35,46,68,123,0,0,0,59,40,0,0,0,58,0,14,26,47,0,0,42,0,21,0,0,0,0,0,0,0,0,13,42,0,0,0,0,0,0,0,0,2,44,10,0,18,0,0,17,0,23,0,0,0,0,1,0,0,0,0,0,1,0,22,0,46,0,1,0,51,0,21,5,0,11,5,27,0,19,0,4,0,14,19,0,3,0,0,0,4,42,0,0,1,0,2,0,21,0,0,11,0,0,4,9,13,0,6,22,0,0,0,41,0,0,0,0,36,44,0,10,0,0,0,0,67,12,0,5,0,0,15,41,0,51,0,0,33,0,114,44,47,0,8,0,92,90,70,50,8,37,68,0,65,43,0,117,82,0,34,117,0,86,0,64,0,72,110,122,14,55,43,4,92,84,142,131,154,140,230,106,459,0,337,38,212,217,240,90,94,30,106,361,0,0,217,280,131,514,0,0,0,395,0,132,615,432,691,0,521,0,0,192,0,203,248,0,0,183,0,0,0,0,0,231,875,0,375,0,157,0,571,0,104,280,305,0,181,0,0,0,122,367,121,0,0,306,0,682,110,0,3,0,171,0,0,0,160,14,0,0,0,0,178,18,0,0,0,0,0,0,4,451,0,112,0,0,738,0,8,25,0,0,0,55,75,321,0,0,0,0,0,0,49,270,0,0,0,0,0,0,0,0,0,0,0,0,0,0,0,0,0,0,0,0,0,0,0,0,0,0,0,0,0,0,0,0,0,0,0,0,0,0,0,0,0,0,0,0,0,0,0,0,0,0,0,0,0,0,0,0,0,0,0,0,0,0,0,0,0,0,0,0,0,0,0,0,0,0,0,0,0,0,0,0,0,0,0,0,0,0,0,0,0,0,0
34,New Jersey,0,0,0,0,0,0,0,0,0,0,0,0,0,0,0,0,0,0,0,0,59500,2641,3878,1855,3925,2828,2723,3589,3287,3408,3130,3835,1914,3071,3516,2044,2270,2180,0,2228,2323,2898,1486,1990,992,1843,1696,1401,1217,1368,520,460,912,1078,0,953,1463,807,970,422,599,193,680,716,494,551,235,1257,444,514,305,467,221,149,525,292,18,178,115,305,235,169,212,130,68,186,140,235,248,207,161,166,273,0,0,231,143,157,2,302,131,316,248,165,252,122,170,40,21,251,207,241,118,314,229,192,31,248,0,128,0,350,144,347,442,422,290,424,280,301,628,358,315,69,308,320,305,215,348,318,218,222,468,648,560,230,0,247,300,280,55,238,505,85,214,275,278,248,315,297,221,322,288,249,324,405,281,250,297,248,286,379,410,393,260,303,413,346,523,457,429,414,355,394,370,298,878,744,695,403,409,690,561,708,899,573,470,588,460,1239,810,778,670,408,936,858,891,706,873,825,1500,914,907,1041,931,1839,1027,1141,1569,1525,1425,1802,1241,1635,1254,1762,2247,1813,2026,2995,2009,1741,3671,2871,3249,3127,4126,4284,2051,3831,3716,3823,3313,4334,3656,3323,3997,3631,4070,3644,2813,4211,2908,4274,3867,4332,5255,4850,5556,3279,5149,3918,4614,3171,5775,3665,4477,3575,5080,3706,3390,3805,4680,2836,4252,4204,4146,4499,3483,2064,2435,49320,0,4512,4944,5018,3351,748,6106,4421,5622,5195,5882,61334,4987,4126,7317,6597,5698,5526,5107,3052,4331,4904,4509,3625,6677,4858,3877,4459,4225,4270,5541,4837,3834,3195,2824,2040,2854,3704,4085,3897,2284,3316,3840,3193,3301,3415,1839,1217,3602,3512,2880,2661,2613,1729,2499,77163,3020,3507,3825,4088,2375,3119,3241,3563,3151,3671,3684,0,0,0,0,0,0,0,0,0,0,0,0,0,0,0,0,0,0,0,0,0,0,0,0,0,0,0,0,0,0,0,0,0,0,0,0,0,0,0,0,0,0,0,0,0,0,0,0,0,0,0,0,0,0,0,0,0,0,0,0,0,0,0,0,0,0,0,0,0,0,0,0,0,0,0,0,0,0,0,0,0,0,0,0,0,0,0,0,0,0,0
35,New Mexico,0,0,0,0,0,0,0,0,0,0,0,0,0,0,0,0,0,0,0,0,1219,17,78,134,0,105,192,45,123,0,226,162,136,130,60,99,143,232,0,68,187,78,156,91,24,90,119,31,0,181,117,6,47,87,84,17,137,49,32,41,89,0,95,0,41,76,32,74,80,0,87,184,36,152,213,32,56,97,0,0,0,0,84,9,75,35,70,0,11,95,0,129,79,16,87,149,107,87,159,129,29,120,135,110,150,234,174,198,163,225,157,163,209,179,255,225,233,200,151,209,242,252,226,225,207,135,374,172,141,0,205,63,70,56,87,0,62,64,0,100,67,87,0,37,0,0,0,0,0,0,28,139,36,0,61,0,0,0,0,0,0,0,53,36,92,0,11,8,0,0,0,0,0,0,0,70,11,0,0,0,6,0,32,0,126,152,101,5,0,48,49,133,115,79,164,24,93,255,264,104,203,186,0,316,237,405,500,476,416,200,472,480,647,492,554,774,711,642,506,493,914,827,468,655,809,992,813,504,1093,909,919,1279,992,1194,1479,898,997,684,931,1755,1442,2829,2488,1873,2140,1909,1686,1230,1069,1696,1727,854,1131,1414,551,1087,1438,1282,568,762,0,1009,639,553,1093,359,0,0,253,459,77,262,0,0,203,0,958,1160,267,0,0,0,292,322,148,270,0,0,330,86,0,0,558,256,0,0,109,189,18,264,0,0,0,73,0,0,0,0,0,0,0,0,0,0,0,0,0,0,43,0,0,0,0,0,0,0,0,0,0,0,0,0,0,0,0,0,0,0,0,0,0,137,0,0,0,0,0,0,273,0,0,0,0,0,0,0,0,0,0,0,0,0,0,0,0,0,0,0,0,0,0,0,0,0,0,0,0,0,0,0,0,0,0,0,0,0,0,0,0,0,0,0,0,0,0,0,0,0,0,0,0,0,0,0,0,0,0,0,0,0,0,0,0,0,0,0,0,0,0,0,0,0,0,0,0,0,0,0,0,0,0,0,0,0,0,0,0,0,0,0
36,New York,0,0,0,0,0,0,0,0,0,0,0,0,0,0,0,0,0,0,0,0,179648,6043,6487,10659,6022,4607,10575,5476,4932,4808,4622,0,7692,9955,5642,3552,2866,4020,0,2074,3151,1518,2247,2114,6640,2020,2008,1544,1418,956,818,1469,1661,1981,1754,1121,843,1050,1447,1041,1120,1594,691,961,836,758,1401,1099,992,711,632,1126,754,639,777,795,404,516,521,379,506,456,694,487,499,491,390,425,621,519,622,297,541,556,405,764,677,587,433,0,511,746,749,623,393,433,513,590,458,646,612,582,434,850,722,665,656,645,388,440,768,583,695,665,658,430,543,479,623,679,556,669,427,479,693,523,639,652,616,429,422,618,627,664,615,644,527,349,593,553,527,627,578,473,360,551,503,727,555,564,613,612,703,641,833,806,737,670,459,511,537,712,815,787,665,529,725,592,809,701,925,778,529,728,605,874,807,930,793,771,1185,886,1296,1558,1563,1128,873,1337,1278,1751,1448,1362,1025,1022,1264,1107,1303,1596,1656,1253,909,1113,1906,1495,1514,1955,1496,1119,1914,1893,2355,2073,2011,2054,1629,2158,1994,2780,3059,3445,3262,2797,3859,4632,4605,5191,5176,3424,3348,4872,5263,4797,5172,5664,5092,5886,4464,5939,6540,7758,5811,6327,6506,6976,8524,9798,10779,9856,9168,7226,8616,10030,9584,9952,10450,9459,9174,9179,9303,10106,11933,9256,9844,7670,9154,11113,11673,11566,9872,7071,9845,17348,11911,14416,16022,14871,11516,10521,12558,15847,15518,18495,16759,15200,13359,14064,13650,12988,18327,14827,12474,12629,11976,10070,12701,14433,12801,11170,11132,10308,9295,12604,11833,11784,10072,8205,7237,6499,5896,6866,10447,8855,8277,7709,5539,8955,7737,7816,7423,5930,6135,5230,8742,7663,7504,5413,5768,149534,6020,8785,7949,7933,7710,6332,6282,6447,7354,8047,8032,0,0,0,0,0,0,0,0,0,0,0,0,0,0,0,0,0,0,0,0,0,0,0,0,0,0,0,0,0,0,0,0,0,0,0,0,0,0,0,0,0,0,0,0,0,0,0,0,0,0,0,0,0,0,0,0,0,0,0,0,0,0,0,0,0,0,0,0,0,0,0,0,0,0,0,0,0,0,0,0,0,0,0,0,0,0,0,0,0,0,0
37,North Carolina,0,0,0,0,0,0,0,0,0,0,0,0,0,0,0,0,0,0,0,0,4481,311,209,209,279,379,273,260,276,212,341,309,457,467,210,308,411,406,550,303,506,179,193,509,523,466,449,451,447,0,323,705,600,500,627,533,0,32,990,248,1551,751,495,0,387,418,852,1042,899,983,0,418,1215,792,1211,1410,903,0,683,1224,1095,1818,1422,1414,0,764,1015,1226,1604,1592,1403,0,657,1859,934,1674,1649,1437,0,1568,1406,1454,2036,1405,1321,0,1501,1381,1954,2356,1858,1856,0,2289,1819,1853,1846,2497,1707,0,1957,2033,1825,2570,1671,1510,0,1762,1659,2111,1746,1671,1320,0,1067,994,2028,1501,1587,1390,1209,0,964,1078,1320,1504,1244,0,1215,1111,1945,1977,1703,1463,0,1310,1208,2067,1393,2554,1042,0,2076,1091,1624,2016,1512,1085,0,704,852,1186,1499,1428,1193,0,1056,1099,1521,1370,1246,1292,0,1154,922,1647,6090,1699,1288,0,861,1458,2219,1757,2181,605,0,1471,1688,2399,2009,2303,1714,0,1691,1886,2514,2648,2083,2298,0,1525,1802,2350,2684,2554,1794,0,2100,2219,2847,2760,2759,2052,0,2282,2375,2818,2874,2653,2092,0,2537,3081,2885,1765,3849,3067,0,3250,3321,4258,3645,3389,4485,0,3065,4148,0,7936,3435,3799,0,2860,4117,5593,5246,5969,6411,0,4625,6439,5503,7502,6109,6792,0,5210,5175,5700,8384,6105,6860,0,5204,5540,0,0,19253,2875,3876,3550,8396,6696,0,18748,6469,0,5230,6872,10261,9913,11484,8691,0,6791,4991,9773,8806,7903,6744,0,0,6354,7048,7311,7059,5987,0,3922,5448,6359,6848,6038,4851,0,2859,11910,5345,5434,4087,4617,0,2731,3698,4455,4046,4053,3132,0,1927,3059,3820,3173,3370,2511,0,797004,3237,3288,2875,2617,0,3580,1205,2070,2466,2046,1971,0,0,0,0,0,0,0,0,0,0,0,0,0,0,0,0,0,0,0,0,0,0,0,0,0,0,0,0,0,0,0,0,0,0,0,0,0,0,0,0,0,0,0,0,0,0,0,0,0,0,0,0,0,0,0,0,0,0,0,0,0,0,0,0,0,0,0,0,0,0,0,0,0,0,0,0,0,0,0,0,0,0,0,0,0,0,0,0,0,0,0
38,North Dakota,0,0,0,0,0,0,0,0,0,0,0,0,0,0,0,0,0,0,0,0,301,22,10,23,28,0,135,57,42,13,34,29,39,54,63,73,49,42,0,12,17,30,11,22,28,29,0,0,0,0,20,0,27,0,47,0,0,12,64,94,22,2,7,0,0,0,10,0,0,6,0,0,0,0,1,44,6,0,0,7,5,0,0,0,0,0,6,0,1,0,8,0,0,6,11,2,8,16,20,5,23,17,34,35,1,7,0,38,83,52,49,54,25,18,0,66,16,0,8,18,0,70,57,49,0,59,33,26,0,0,60,26,56,0,21,1,7,0,75,1,37,0,0,63,37,27,51,0,0,40,185,107,132,43,0,24,103,211,168,162,156,0,0,40,143,85,26,115,0,0,0,133,0,191,220,4,0,0,185,273,110,112,2,0,210,181,79,110,94,0,0,11,28,49,45,0,0,0,14,126,131,205,259,118,54,160,188,300,123,282,185,195,0,376,13,0,196,0,0,0,524,504,584,511,70,0,175,653,590,511,238,302,864,0,0,65,825,0,0,0,0,154,0,151,178,0,0,0,0,0,0,0,0,0,0,225,0,0,0,0,0,0,42,0,0,0,0,0,0,28,74,0,0,0,0,0,0,270,0,0,0,0,0,365,258,0,0,63,0,103,102,33,0,0,0,0,0,15,0,0,0,0,0,0,0,11,0,0,0,0,9,34,22,0,0,0,0,29,8,0,0,0,0,0,25,37,5,14,0,5,19,11,39,18,0,0,0,0,11,4,1,0,0,0,5,29,60,1,78,0,0,0,0,0,0,0,0,0,0,0,0,0,0,0,0,0,0,0,0,0,0,0,0,0,0,0,0,0,0,0,0,0,0,0,0,0,0,0,0,0,0,0,0,0,0,0,0,0,0,0,0,0,0,0,0,0,0,0,0,0,0,0,0,0,0,0,0,0,0,0,0,0,0,0,0,0,0,0,0,0,0,0,0,0,0,0,0,0,0,0
39,Northern Mariana Islands,0,0,0,0,0,0,0,0,0,0,0,0,0,0,0,0,0,0,0,0,9,0,0,2,0,0,1,0,0,0,0,0,0,0,0,0,0,0,0,0,0,0,0,0,1,0,0,1,0,3,0,0,0,0,2,0,0,0,0,1,0,0,0,0,0,0,0,0,0,0,0,1,0,2,0,0,0,18,2,0,0,0,0,0,0,0,0,0,0,0,0,0,0,0,0,0,0,0,0,0,0,1,0,0,0,0,0,0,0,0,2,0,0,3,0,1,0,0,0,1,0,0,0,0,2,0,0,0,2,0,0,2,1,1,0,0,1,0,1,0,1,0,0,0,1,0,0,4,0,0,0,0,0,0,0,0,0,0,0,2,0,0,1,0,0,0,1,0,1,0,0,0,0,1,0,1,0,0,1,0,6,0,1,0,0,0,0,1,0,0,0,0,3,0,0,0,2,0,0,0,0,2,0,0,0,0,3,0,6,0,0,2,0,0,0,0,0,4,0,0,0,0,0,4,0,0,0,2,0,0,2,0,0,0,0,0,0,2,1,0,0,0,0,0,1,0,0,0,0,0,0,1,1,0,0,0,0,0,3,2,2,0,0,0,0,0,0,0,0,2,0,0,1,0,0,2,0,4,0,0,0,0,0,0,0,0,0,0,0,3,0,0,0,0,3,0,0,0,0,0,0,1,0,0,0,0,0,0,3,0,0,0,0,0,0,1,0,0,0,0,0,0,0,0,0,1,0,0,0,0,1,0,0,0,8,0,0,0,0,0,0,0,0,0,1,0,0,0,0,0,0,0,0,0,0,0,0,0,0,0,0,0,0,0,0,0,0,0,0,0,0,0,0,0,0,0,0,0,0,0,0,0,0,0,0,0,0,0,0,0,0,0,0,0,0,0,0,0,0,0,0,0,0,0,0,0,0,0,0,0,0,0,0,0,0,0,0,0,0,0,0,0,0,0,0,0,0,0,0,0,0,0,0,0,0,0,0,0,0,0
40,Ohio,0,0,0,0,0,0,0,0,0,0,0,0,0,0,0,0,0,0,0,0,6351,350,260,471,575,682,1082,1360,1279,758,339,531,441,397,368,328,398,396,685,689,573,562,542,417,517,509,850,656,374,680,394,424,585,550,491,434,499,435,423,675,592,530,490,548,514,391,422,618,449,474,419,314,401,450,459,338,358,334,308,377,396,402,381,294,412,410,400,678,575,500,544,725,559,612,875,971,801,851,726,698,1063,0,1929,442,406,437,280,583,1135,175,688,794,724,49,289,235,698,543,263,447,0,162,147,398,530,145,119,0,0,97,9,0,0,0,0,0,0,0,0,0,0,0,0,0,0,0,0,0,0,0,0,0,0,0,112,0,0,0,175,117,178,198,31,110,265,322,444,164,761,0,25,152,278,221,0,273,0,0,0,0,0,0,96,0,0,0,1,0,104,322,219,0,78,322,108,233,456,145,377,549,995,516,645,721,358,957,1079,911,1154,746,959,584,991,1001,1255,1513,1217,1064,660,822,1741,2096,1056,1926,1474,1723,1731,2697,2863,3417,2852,3001,3660,2927,4170,5201,4660,5623,4987,3302,2562,3818,5081,4047,4913,8459,2516,5201,0,4364,285,2720,1616,0,0,275,1367,1902,1527,3637,11710,0,1587,607,1555,3080,2000,0,0,798,5515,0,1154,0,0,0,0,0,0,0,0,0,0,0,0,0,807,367,0,0,2213,1686,540,939,2822,0,0,122,1490,4204,0,0,0,0,0,0,1814,0,0,0,0,0,0,0,0,0,0,0,0,0,0,0,0,0,0,0,0,0,0,0,0,0,0,0,0,0,0,0,0,0,0,0,0,0,0,2628,0,0,1506,0,0,0,0,0,0,0,0,0,0,0,0,0,0,0,0,0,0,0,0,0,0,0,0,0,0,0,0,0,0,0,0,0,0,0,0,0,0,0,0,0,0,0,0,0,0,0,0,0,0,0,0,0,0,0,0,0,0,0,0,0,0,0,0,0,0,0,0,0,0,0,0,0,0,0,0,0,0,0,0,0,0,0,0,0,0,0,0,0,0,0
41,Oklahoma,0,0,0,0,0,0,0,0,0,0,0,0,0,0,0,0,0,0,0,0,1874,96,106,64,86,103,0,98,110,106,81,114,95,67,59,25,119,56,0,56,8,40,25,0,0,45,9,0,47,0,0,0,0,0,3,35,63,0,0,48,0,0,34,25,0,0,0,0,0,0,136,26,0,29,99,0,0,22,93,25,44,93,121,75,136,87,125,449,37,128,360,101,55,222,72,87,0,58,38,82,0,0,64,133,2,244,280,138,38,41,194,106,179,170,339,0,22,491,0,0,881,0,0,304,177,559,846,0,0,79,0,141,0,31,0,20,0,166,78,179,69,0,0,27,161,263,223,58,0,0,88,349,225,191,102,0,0,0,126,237,438,362,0,50,94,326,526,98,258,0,0,0,78,264,254,422,98,0,0,249,408,493,625,609,0,44,160,136,821,0,0,0,0,0,0,0,681,289,5,124,325,378,0,46,57,36,5,426,122,24,48,126,7,351,115,608,206,0,0,0,0,64,101,551,264,0,10,838,330,0,2695,339,503,1088,1064,1307,1265,2451,1350,0,1016,661,240,689,971,1460,0,57,0,0,0,0,421,0,0,0,1408,1110,1087,94,0,0,0,2459,1437,1952,71,0,0,0,295,1140,2547,792,0,282,0,0,790,0,1777,0,0,241,0,1083,2545,414,0,279,571,2599,2815,2688,207,0,0,0,97,1411,453,0,0,0,0,0,0,308,0,0,0,0,30,0,676,0,0,0,114,0,0,368,0,0,0,0,0,0,0,0,0,0,0,0,0,0,0,0,0,0,0,0,0,0,0,0,130,0,978,0,0,0,0,0,0,0,0,0,0,0,0,0,0,0,0,0,0,0,0,0,0,0,0,0,0,0,0,0,0,0,0,0,0,0,0,0,0,0,0,0,0,0,0,0,0,0,0,0,0,0,0,0,0,0,0,0,0,0,0,0,0,0,0,0,0,0,0,0,0,0,0,0,0,0,0,0,0,0,0,0,0,0,0,0,0,0,0,0,0,0
42,Oregon,0,0,0,0,0,0,0,0,0,0,0,0,0,0,0,0,0,0,0,0,1475,56,47,27,67,43,57,64,46,44,55,63,47,75,53,43,24,59,62,68,51,0,79,76,0,67,76,89,68,55,72,0,60,62,71,11,63,37,71,15,75,24,38,22,0,71,0,45,0,43,46,30,27,75,79,0,90,259,0,53,157,118,0,0,436,241,93,99,174,0,0,452,175,167,77,245,276,247,91,146,274,325,342,290,298,78,174,208,265,232,397,317,180,325,273,356,288,318,427,153,242,252,190,350,0,647,187,254,305,306,318,322,279,179,328,197,217,356,368,261,100,275,185,270,238,404,242,125,167,183,193,254,263,227,170,115,175,143,214,207,257,158,174,0,259,206,250,187,145,108,82,0,373,285,177,0,272,174,199,282,238,201,151,315,140,352,440,267,238,170,241,32,334,298,326,258,205,237,293,471,407,396,331,212,307,377,362,404,378,216,255,336,305,0,891,387,362,333,363,413,563,593,519,506,548,473,585,785,763,966,860,703,751,856,1105,1051,1075,860,762,911,1089,1184,1298,1486,1501,1157,979,1150,0,2311,1663,1604,1305,1199,1489,1113,2114,1782,1247,1280,1259,1175,1538,1567,1407,1009,1151,1030,1481,1293,1351,1470,1115,819,1283,876,839,0,1498,1394,814,666,1014,1640,0,2424,1389,702,991,727,852,1755,1601,1206,915,1119,1288,1108,991,1113,792,643,5870,1262,820,844,749,565,417,746,688,714,938,668,0,956,582,617,708,813,586,378,296,506,530,595,456,415,247,183,410,377,450,477,516,106,316,504,385,482,322,435,282,186,237,223,354,202,192,0,0,0,0,0,0,0,0,0,0,0,0,0,0,0,0,0,0,0,0,0,0,0,0,0,0,0,0,0,0,0,0,0,0,0,0,0,0,0,0,0,0,0,0,0,0,0,0,0,0,0,0,0,0,0,0,0,0,0,0,0,0,0,0,0,0,0,0,0,0,0,0,0,0,0,0,0,0,0,0,0,0,0,0,0,0,0,0,0,0,0
43,Pennsylvania,0,0,0,0,0,0,0,0,0,0,0,0,0,0,0,0,0,0,0,0,22381,1322,1071,1200,1443,1550,1643,1016,940,1069,774,2246,1806,899,1440,872,1419,863,1542,1448,855,706,1473,707,770,912,1289,1125,1352,494,769,611,810,897,991,500,949,529,673,1027,0,0,0,68,0,0,0,0,0,0,267,69,0,0,0,166,0,421,470,0,0,0,0,6,119,0,17,0,0,0,0,0,197,423,0,229,562,0,212,155,105,160,226,32,103,345,765,286,227,131,91,127,162,201,977,397,199,110,0,1018,736,227,113,322,25,27,616,225,214,200,239,0,64,431,1307,0,160,0,0,646,0,128,0,199,141,119,0,274,0,174,0,154,88,22,0,76,82,122,173,0,6,233,1451,0,1436,0,1366,0,247,1604,0,172,159,177,0,308,95,148,149,95,0,611,8,1599,96,0,161,57,808,0,2341,0,0,224,0,27,412,257,1871,286,239,25,978,0,2478,233,250,406,9,1063,0,2152,207,410,2373,93,1332,126,2087,593,503,2490,271,1622,0,2764,677,595,3308,125,2517,2379,3454,2954,2198,4422,4192,4436,1253,4429,4922,2060,5368,4205,6329,2338,2075,5827,7075,2222,1756,4936,3491,2120,3275,8313,8951,3503,7401,366,8370,0,4851,5681,2464,9650,0,3789,0,0,3356,0,6281,576,2524,0,0,6002,0,4394,0,0,0,0,6493,0,4282,0,2585,0,0,0,1699,6497,0,1594,0,0,1258,592,5384,0,3175,0,884,0,391,3439,0,781,0,0,1401,0,3516,0,490,0,0,629,0,3861,2992,0,0,405,0,0,2314,1637,0,306,227,254,0,1702,0,205,0,187,4,0,1658,0,63,9594,0,245,2342,0,0,0,0,0,0,0,0,0,0,0,0,0,0,0,0,0,0,0,0,0,0,0,0,0,0,0,0,0,0,0,0,0,0,0,0,0,0,0,0,0,0,0,0,0,0,0,0,0,0,0,0,0,0,0,0,0,0,0,0,0,0,0,0,0,0,0,0,0,0,0,0,0,0,0,0,0,0,0,0,0,0,0,0,0,0,0,0,0,0,0
44,Puerto Rico,0,0,0,0,0,0,0,0,0,0,0,0,0,0,0,0,0,0,0,0,853,5,20,45,64,23,48,93,38,45,0,158,0,25,63,18,9,33,100,34,181,49,35,79,44,60,120,16,22,56,42,29,96,110,47,56,63,95,60,46,117,69,89,69,64,73,87,160,70,55,97,60,86,485,111,294,70,61,139,143,22,182,154,120,79,61,52,108,84,268,60,39,121,135,55,45,143,122,61,215,72,71,74,103,129,669,127,29,117,275,221,288,356,111,254,194,541,332,610,396,479,93,432,491,563,603,288,401,219,508,204,1085,534,380,526,318,271,745,729,692,700,574,663,361,671,555,305,754,942,211,198,696,724,310,722,97,15,631,593,558,292,351,221,574,190,36,242,28,842,124,0,760,291,499,284,367,413,93,565,806,1303,842,637,116,60,1172,1055,501,889,1114,1039,281,308,672,620,295,621,431,0,57,0,0,0,603,239,736,285,85,0,413,586,684,111,0,1762,0,734,374,354,0,792,466,0,84,2055,357,0,0,363,453,0,0,254,0,677,57,856,295,541,0,0,0,0,1079,115,654,0,23,0,563,75,0,701,0,0,0,0,0,1132,463,0,0,0,817,205,325,404,0,0,1039,1222,734,1706,0,1003,0,0,0,0,0,420,1303,0,0,0,0,0,0,0,285,268,0,539,0,337,956,198,157,1125,558,858,558,434,126,200,525,781,953,0,468,164,290,416,427,212,607,278,129,0,0,256,197,269,0,0,159,0,14,0,182,53,0,0,0,67,191,196,216,0,0,0,0,91,291,0,0,0,0,258,0,0,0,0,0,0,0,0,0,0,0,0,0,0,0,0,0,0,0,0,0,0,0,0,0,0,0,0,0,0,0,0,0,0,0,0,0,0,0,0,0,0,0,0,0,0,0,0,0,0,0,0,0,0,0,0,0,0,0,0,0,0,0,0,0,0,0,0,0,0,0,0,0,0,0,0,0,0,0,0,0,0,0,0,0,0,0,0,0,0,0
45,Recovered,0,0,0,0,0,0,0,0,0,0,0,0,0,0,0,0,0,0,0,0,0,0,0,0,0,0,0,0,0,0,0,0,0,0,0,0,0,0,0,0,0,0,0,0,0,0,0,0,0,0,0,0,0,0,0,0,0,0,0,0,0,0,0,0,0,0,0,0,0,0,0,0,0,0,0,0,0,0,0,0,0,0,0,0,0,0,0,0,0,0,0,0,0,0,0,0,0,0,0,0,0,0,0,0,0,0,0,0,0,0,0,0,0,0,0,0,0,0,0,0,0,0,0,0,0,0,0,0,0,0,0,0,0,0,0,0,0,0,0,0,0,0,0,0,0,0,0,0,0,0,0,0,0,0,0,0,0,0,0,0,0,0,0,0,0,0,0,0,0,0,0,0,0,0,0,0,0,0,0,0,0,0,0,0,0,0,0,0,0,0,0,0,0,0,0,0,0,0,0,0,0,0,0,0,0,0,0,0,0,0,0,0,0,0,0,0,0,0,0,0,0,0,0,0,0,0,0,0,0,0,0,0,0,0,0,0,0,0,0,0,0,0,0,0,0,0,0,0,0,0,0,0,0,0,0,0,0,0,0,0,0,0,0,0,0,0,0,0,0,0,0,0,0,0,0,0,0,0,0,0,0,0,0,0,0,0,0,0,0,0,0,0,0,0,0,0,0,0,0,0,0,0,0,0,0,0,0,0,0,0,0,0,0,0,0,0,0,0,0,0,0,0,0,0,0,0,0,0,0,0,0,0,0,0,0,0,0,0,0,0,0,0,0,0,0,0,0,0,0,0,0,0,0,0,0,0,0,0,0,0,0,0,0,0,0,0,0,0,0,0,0,0,0,0,0,0,0,0,0,0,0,0,0,0,0,0,0,0,0,0,0,0,0,0,0,0,0,0,0,0,0,0,0,0,0,0,0,0,0,0,0,0,0,0,0,0,0,0,0,0,0,0,0,0,0,0,0,0,0,0,0,0,0,0,0,0,0,0,0,0
46,Rhode Island,0,0,0,0,0,0,0,0,0,0,0,0,0,0,0,0,0,0,0,0,2602,0,569,0,271,617,295,202,379,394,331,407,430,417,299,262,213,308,0,304,264,130,118,229,231,276,204,149,244,136,128,180,158,176,177,205,74,119,392,180,105,176,89,0,80,105,108,105,147,75,32,88,88,77,90,0,0,120,32,53,82,59,0,0,89,52,28,34,46,0,0,74,63,56,11,2,0,0,57,41,27,79,36,0,0,0,134,42,35,66,0,0,161,99,35,66,74,0,0,85,78,67,72,65,0,0,266,198,66,147,62,0,0,206,133,83,117,117,0,0,171,107,56,96,83,0,0,206,97,91,67,139,0,0,254,59,70,128,81,0,0,240,46,58,54,90,0,0,0,313,75,89,115,0,0,199,112,98,125,121,0,0,279,106,127,127,0,0,0,240,91,185,143,157,0,0,305,161,170,262,232,0,0,0,616,178,260,242,0,0,604,285,447,452,513,0,0,843,403,438,353,534,0,0,1189,407,546,595,618,0,0,1553,754,941,949,727,0,0,2292,574,1339,992,1007,0,0,2435,802,842,0,1517,0,0,2624,1136,1026,1655,1355,0,0,3481,1164,1158,873,1560,0,0,2958,1103,891,1020,433,0,0,2208,895,792,0,0,0,0,3233,1140,1097,0,0,0,0,4426,1083,1530,1057,951,0,0,2822,721,1016,818,994,0,0,0,2367,747,834,869,0,0,1840,577,569,713,618,0,0,1386,180,461,530,546,0,0,1068,287,417,436,381,0,0,827,259,334,358,251,0,0,802,7920,445,458,431,0,0,951,253,427,437,392,0,0,0,0,0,0,0,0,0,0,0,0,0,0,0,0,0,0,0,0,0,0,0,0,0,0,0,0,0,0,0,0,0,0,0,0,0,0,0,0,0,0,0,0,0,0,0,0,0,0,0,0,0,0,0,0,0,0,0,0,0,0,0,0,0,0,0,0,0,0,0,0,0,0,0,0,0,0,0,0,0,0,0,0,0,0,0,0,0,0,0,0
47,South Carolina,0,0,0,0,0,0,0,0,0,0,0,0,0,0,0,0,0,0,0,0,3238,71,147,94,270,163,146,128,66,0,306,146,146,174,237,112,107,108,0,0,220,129,123,71,0,195,221,0,121,124,0,96,2053,47,254,150,120,0,111,197,0,251,191,0,193,187,161,0,259,460,281,0,0,0,629,0,826,503,0,524,669,0,779,839,581,0,556,973,1,1143,896,999,0,1315,1115,173,1587,1376,1320,0,1493,1764,299,1834,1454,1526,0,1519,1761,0,2258,1938,1509,0,1851,1766,1951,1513,3650,1450,0,1641,1515,0,1321,1165,1203,0,1687,1674,1399,1544,1163,1147,1185,1235,1277,0,1196,951,707,0,798,895,0,985,606,437,0,9711,868,87,883,682,556,0,561,450,1326,1255,1064,657,817,620,1180,1590,933,653,635,296,275,346,2401,920,1862,803,769,618,1298,853,911,457,403,0,2135,416,402,570,212,155,0,1734,0,2401,1673,0,275,119,0,329,280,326,369,326,132,238,604,493,342,347,90,125,161,372,383,165,835,398,95,9,376,253,200,938,416,184,131,0,508,1151,257,211,470,387,740,888,1236,845,429,154,679,693,1112,842,413,466,398,382,0,966,1046,485,577,707,743,1160,2090,2385,1955,1732,1589,1406,1140,2411,3560,1093,1357,1360,1077,1159,2729,2256,1408,1215,1153,2416,1273,0,2425,4588,735,1407,1278,2671,0,3671,6459,2641,1571,3911,3371,1155,7969,3123,1525,250,4254,4147,3217,4848,4002,1846,1234,3562,2914,2841,3130,2762,1912,859,1921,2142,2802,2623,1894,1140,718,1225,1253,4594,1243,1765,499,598,835,1413,1991,1249,2372,209,251,0,883,1397,1807,1292,84,1298,2091,2457,1715,1756,1703,1137,833,1129,1527,1656,1179,0,0,0,0,0,0,0,0,0,0,0,0,0,0,0,0,0,0,0,0,0,0,0,0,0,0,0,0,0,0,0,0,0,0,0,0,0,0,0,0,0,0,0,0,0,0,0,0,0,0,0,0,0,0,0,0,0,0,0,0,0,0,0,0,0,0,0,0,0,0,0,0,0,0,0,0,0,0,0,0,0,0,0,0,0,0,0,0,0,0,0
48,South Dakota,0,0,0,0,0,0,0,0,0,0,0,0,0,0,0,0,0,0,0,0,724,138,120,180,142,100,131,93,50,69,102,98,83,107,64,32,69,58,0,0,0,3,6,0,0,73,198,189,102,57,0,11,0,0,0,0,0,0,0,0,55,39,64,0,0,0,4,22,30,1,0,0,1,4,14,0,9,0,0,0,0,0,17,0,0,0,9,0,0,8,18,0,0,8,19,0,23,20,0,0,0,14,18,37,34,42,0,0,40,0,0,0,4,0,14,0,23,0,0,0,0,0,9,9,59,32,9,0,8,0,7,40,0,35,0,16,36,0,41,101,21,0,2,0,43,0,100,12,0,61,47,107,164,11,19,0,0,487,182,246,216,86,20,125,138,19,25,0,0,0,0,22,59,0,0,38,0,56,173,197,134,0,47,0,291,183,216,235,48,38,0,0,174,155,125,156,6,0,332,162,515,345,332,197,0,560,528,180,456,244,376,53,247,585,589,356,527,316,127,745,529,1058,853,0,187,42,541,0,816,624,700,516,329,866,1261,0,120,613,0,485,616,0,523,0,30,453,0,0,0,1070,724,0,254,0,769,617,451,277,230,382,0,0,86,0,0,0,0,0,0,0,17,0,0,103,0,0,0,0,0,0,0,0,0,0,0,37,255,43,3,353,0,0,0,0,62,0,11,0,4,105,0,0,0,0,0,1,0,0,0,0,0,0,0,0,0,0,0,0,0,0,0,0,0,0,0,58,0,0,0,0,173,0,0,0,0,0,0,5,0,57,0,0,23,0,57,18,63,40,147,0,0,0,0,0,0,0,0,0,0,0,0,0,0,0,0,0,0,0,0,0,0,0,0,0,0,0,0,0,0,0,0,0,0,0,0,0,0,0,0,0,0,0,0,0,0,0,0,0,0,0,0,0,0,0,0,0,0,0,0,0,0,0,0,0,0,0,0,0,0,0,0,0,0,0,0,0,0,0,0,0,0,0,0,0,0,0,0,0,0,0
49,Tennessee,0,0,0,0,0,0,0,0,0,0,0,0,0,0,0,0,0,0,0,0,5402,99,202,0,536,0,325,475,164,151,0,858,464,453,474,248,130,307,0,745,593,419,118,0,27,0,113,0,57,41,254,0,58,0,49,0,415,0,0,133,56,198,227,186,84,0,0,46,272,0,0,1407,81,20,185,305,217,168,106,0,0,320,119,627,487,88,0,0,658,113,425,0,238,293,201,927,315,0,1314,563,1117,909,1156,972,957,0,655,1543,707,811,750,531,2165,220,672,1073,776,1522,1161,0,288,560,620,756,867,2215,33,2534,0,0,938,924,617,0,0,0,202,613,811,1462,0,0,0,233,0,493,1385,0,0,0,0,0,485,1222,0,0,186,150,0,655,143,0,0,0,0,0,513,785,125,0,0,70,113,0,1,1488,0,290,0,851,0,1211,50,0,0,0,259,0,1002,0,0,117,0,0,0,727,1652,0,509,515,0,313,1168,1971,0,153,554,0,859,1459,2198,0,213,0,1462,440,2146,1084,0,0,189,132,0,0,1850,0,570,0,0,2252,1975,4207,0,248,228,737,1728,4078,6148,0,985,0,0,435,2122,1678,0,0,32,0,1882,422,5210,0,0,0,120,0,229,5404,0,2463,349,6168,2701,7794,6984,0,4111,1887,10306,0,6212,6767,0,0,0,0,377,0,338,0,172,0,0,3092,233,282,0,0,1948,2252,4741,2783,0,0,0,0,0,2106,0,0,0,0,0,0,0,0,0,0,0,0,96,0,595,0,0,0,0,0,318,315,0,0,0,0,0,0,0,0,0,0,0,0,0,0,0,1181,0,0,0,0,0,0,0,385,0,403,1303,0,0,0,0,0,0,0,0,0,0,0,0,0,0,0,0,0,0,0,0,0,0,0,0,0,0,0,0,0,0,0,0,0,0,0,0,0,0,0,0,0,0,0,0,0,0,0,0,0,0,0,0,0,0,0,0,0,0,0,0,0,0,0,0,0,0,0,0,0,0,0,0,0,0,0,0,0,0,0,0,0,0,0,0,0,0,0,0,0,0,0
50,Texas,0,0,0,0,0,0,0,0,0,0,0,0,0,0,0,0,0,0,0,0,13394,576,694,868,930,936,830,542,474,797,724,1281,972,497,801,339,983,865,0,0,433,413,216,404,156,259,413,163,0,583,848,0,429,229,546,0,0,349,101,1346,0,175,0,0,0,26,544,0,1741,0,18,505,198,705,891,871,67,1048,344,1222,209,1081,696,0,923,1718,2403,2076,2589,2395,1952,4139,3589,2982,4781,3792,3721,2518,5179,2832,6522,3566,3552,2689,0,7722,5580,4007,6439,3489,4699,3511,3175,3734,3246,9197,5497,1829,4723,3497,0,3518,728,0,428,0,5615,0,3325,0,0,0,3394,0,313,1142,0,0,0,0,1192,0,0,0,552,0,2408,0,0,0,0,0,0,0,0,0,244,0,0,0,0,0,0,0,0,934,0,0,796,0,0,0,1192,2577,0,3817,0,0,475,0,0,1342,19086,4743,0,0,0,0,1611,0,2340,1796,0,1847,0,0,391,582,142,887,1046,550,404,1133,2463,2721,158,2366,1164,2512,0,1256,1228,0,3031,4294,2120,3176,1468,2168,2327,1387,2308,4518,0,3300,4070,4518,3196,3417,0,7117,6263,6156,1579,37,0,0,3398,4140,6616,6132,6548,3961,20041,2272,11882,7289,0,1179,2316,7607,5407,0,1157,7195,3289,2347,2594,842,3128,1041,1884,0,974,0,74516,1636,8630,17042,0,0,1121,1358,3215,7109,0,0,0,15282,0,0,4870,0,816,5876,7990,5858,7875,7261,7450,0,15328,6373,12144,0,9136,8880,6934,389,3434,0,5211,0,0,0,1939,0,9106,0,0,0,0,0,0,9033,0,0,0,0,0,0,0,0,0,0,0,0,0,0,6674,0,0,0,0,975,0,0,0,0,0,0,0,482,0,0,0,0,3514,0,0,0,0,0,0,0,0,0,0,0,0,0,0,0,0,0,0,0,0,0,0,0,0,0,0,0,0,0,0,0,0,0,0,0,0,0,0,0,0,0,0,0,0,0,0,0,0,0,0,0,0,0,0,0,0,0,0,0,0,0,0,0,0,0,0,0,0,0,0,0,0,0,0,0,0,0,0,0,0,0,0,0,0,0,0,0,0,0,0,0
51,Utah,0,0,0,0,0,0,0,0,0,0,0,0,0,0,0,0,0,0,0,0,2285,65,49,129,135,107,122,150,143,80,148,164,166,164,175,113,109,148,0,33,31,136,38,81,22,0,66,47,15,0,0,47,0,9,0,0,38,126,0,0,30,49,0,0,0,0,90,152,82,121,88,135,109,189,276,394,99,106,98,108,227,127,225,194,163,237,321,258,256,366,122,240,195,207,281,219,16,199,289,356,189,182,259,277,67,210,244,301,114,265,0,220,120,55,0,332,78,193,291,0,0,57,0,235,0,0,0,0,0,0,0,0,0,0,0,0,0,0,0,0,0,0,0,0,0,0,0,0,0,28,0,0,0,0,0,31,0,0,0,75,66,0,0,98,163,0,83,49,137,71,0,0,179,195,334,316,169,345,531,733,609,467,371,363,464,695,907,571,668,498,376,607,639,435,482,750,528,141,244,565,233,274,287,329,365,250,285,79,319,38,296,418,444,557,854,519,392,132,407,593,342,940,372,646,226,721,969,1310,1467,1631,1278,1079,1460,1035,2282,141,3721,856,802,2049,1482,2127,2222,1679,1345,1040,1021,0,0,327,0,0,0,78,1702,0,0,0,0,265,0,0,0,0,341,0,0,0,1165,0,348,373,269,0,0,0,0,0,0,0,0,440,60,1275,0,0,0,213,1413,744,1410,1142,204,274,0,0,153,426,3,1147,772,0,0,0,0,0,0,0,0,0,0,0,0,0,0,0,0,0,0,0,0,0,0,0,0,0,0,0,0,0,0,0,0,0,0,0,0,0,0,0,0,0,0,0,0,0,0,0,1710,0,0,0,0,0,0,0,0,0,0,0,0,0,0,0,0,0,0,0,0,0,0,0,0,0,0,0,0,0,0,0,0,0,0,0,0,0,0,0,0,0,0,0,0,0,0,0,0,0,0,0,0,0,0,0,0,0,0,0,0,0,0,0,0,0,0,0,0,0,0,0,0,0,0,0,0,0,0,0,0,0,0,0,0,0,0,0,0,0,0,0
52,Vermont,0,0,0,0,0,0,0,0,0,0,0,0,0,0,0,0,0,0,0,0,700,20,3,7,11,3,21,10,3,0,5,0,1,14,8,3,7,0,2,12,6,9,6,5,0,0,0,0,0,0,0,0,0,0,0,0,0,0,0,3,0,0,0,2,0,3,0,0,0,0,0,6,2,34,0,13,15,7,3,9,13,7,5,1,0,1,0,2,8,1,10,0,0,17,0,4,0,2,3,0,0,18,2,0,3,0,0,0,11,0,6,0,0,1,8,0,0,0,0,8,0,0,7,0,6,0,0,0,0,0,3,0,0,0,0,0,4,1,0,0,0,0,0,0,6,0,1,6,0,0,2,2,4,0,0,0,3,1,0,3,3,4,4,1,0,0,0,0,0,3,0,0,0,6,0,8,0,0,0,0,0,0,0,2,0,1,0,4,0,0,0,0,0,11,5,1,29,0,3,8,0,6,3,3,1,0,7,10,11,9,2,5,8,6,24,22,25,2,5,5,11,3,13,1,13,11,0,18,7,11,35,15,42,62,105,73,77,23,92,39,28,126,100,45,50,64,8,30,0,110,0,47,41,23,129,109,27,48,69,18,16,32,47,28,0,36,11,0,0,19,19,7,4,10,0,0,36,0,35,0,24,9,0,58,0,45,19,0,58,34,131,94,47,64,99,0,26,119,57,54,56,57,1,53,43,84,31,23,51,22,0,14,35,3,0,103,0,0,0,0,0,0,0,0,0,0,0,0,4,45,49,0,2,0,0,24,2,0,0,0,0,0,4,0,0,31,51,0,144,0,0,0,0,0,0,0,0,0,0,0,0,0,0,0,0,0,0,0,0,0,0,0,0,0,0,0,0,0,0,0,0,0,0,0,0,0,0,0,0,0,0,0,0,0,0,0,0,0,0,0,0,0,0,0,0,0,0,0,0,0,0,0,0,0,0,0,0,0,0,0,0,0,0,0,0,0,0,0,0,0,0,0,0,0,0,0,0,0,0,0
53,Virgin Islands,0,0,0,0,0,0,0,0,0,0,0,0,0,0,0,0,0,0,0,0,50,0,0,0,0,0,1,0,0,0,1,0,0,1,1,0,0,0,0,0,0,0,0,0,0,0,0,0,0,0,0,0,0,0,0,0,0,0,0,0,0,0,0,0,0,0,0,0,0,0,0,0,0,1,0,0,0,0,0,0,0,0,0,0,0,0,1,0,0,0,3,0,0,0,4,0,0,0,0,0,9,0,6,12,0,0,4,5,21,3,9,13,22,0,21,0,8,13,0,21,0,1,6,16,0,0,0,0,5,0,0,12,0,5,14,8,9,7,0,0,13,0,34,35,0,13,3,17,28,0,1,37,0,0,0,0,0,0,0,16,9,0,0,0,0,0,6,5,9,0,6,0,0,0,8,1,0,0,4,17,0,0,0,0,9,0,5,21,0,0,0,0,8,0,1,0,0,0,0,2,0,1,0,0,3,0,1,0,6,0,0,2,0,6,1,0,0,2,0,0,0,5,9,0,0,1,0,0,0,0,10,0,0,0,0,13,0,0,0,4,7,6,8,0,8,3,0,0,0,0,0,0,0,0,35,0,21,9,0,12,25,7,25,58,0,0,0,0,0,24,0,0,0,0,0,0,2,5,0,0,0,0,0,12,0,5,0,12,10,0,47,0,0,0,0,0,0,0,0,0,0,0,23,0,0,0,0,0,9,3,0,5,0,0,0,0,0,0,10,0,0,5,0,0,0,16,16,0,0,5,0,0,6,11,0,0,3,0,30,3,0,0,0,0,0,21,1,0,0,0,0,0,0,0,0,0,0,0,0,0,0,0,0,0,0,0,0,0,0,0,0,0,0,0,0,0,0,0,0,0,0,0,0,0,0,0,0,0,0,0,0,0,0,0,0,0,0,0,0,0,0,0,0,0,0,0,0,0,0,0,0,0,0,0,0,0,0,0,0,0,0,0,0,0,0,0,0,0,0,0,0,0,0,0,0,0,0,0,0,0
54,Virginia,0,0,0,0,0,0,0,0,0,0,0,0,0,0,0,0,0,0,0,0,5133,465,430,277,376,579,535,470,425,616,611,708,558,746,592,557,769,593,0,934,684,706,747,665,0,1049,557,712,796,906,561,756,915,710,882,614,633,814,478,949,592,692,428,1403,1505,722,990,936,969,868,743,714,491,815,559,868,1117,546,348,272,395,443,522,585,322,316,343,396,469,601,508,445,442,464,365,549,553,444,427,518,342,137,414,682,592,329,506,513,527,798,765,845,950,699,965,772,757,835,1014,851,851,923,693,1017,1013,873,1443,299,869,817,742,802,877,1177,989,631,680,1907,1184,813,624,788,673,948,1121,684,848,686,767,644,741,811,1100,778,620,881,700,1027,884,1107,892,749,872,776,1032,994,784,1148,574,804,671,1126,1026,1153,838,681,753,709,927,1118,814,792,598,747,487,813,828,895,531,390,793,670,344,893,1015,1018,632,389,417,1705,1028,1116,751,789,1070,690,1211,1072,986,832,598,808,905,1202,1064,973,917,824,986,1863,1363,1352,1461,1165,943,1071,1080,438,1497,2006,1246,1172,1324,1432,1365,1115,1426,1100,2561,1992,1918,1654,2440,2215,2037,3118,2262,2562,2455,1420,3064,2216,1752,2003,2170,1827,2648,3639,3757,3643,4008,3716,3707,3186,3894,3223,3122,2793,3762,3561,3086,3377,3722,3931,3252,4442,4141,3858,1150,3869,2471,3712,3673,4928,4876,3735,4817,3570,4144,4986,5063,4974,5491,4974,4376,4057,4287,5005,3973,6417,9710,7035,4191,4101,3658,3887,4587,3534,6054,4278,4877,4267,3817,3994,1413,2662,2535,2651,2840,4766,4467,2875,1580,2650,3030,3493,2989,3010,2452,1394,1579,956,1579,1807,1640,2090,854,47489,1758,1880,1423,1490,1566,893,1225,1166,1269,1581,1386,0,0,0,0,0,0,0,0,0,0,0,0,0,0,0,0,0,0,0,0,0,0,0,0,0,0,0,0,0,0,0,0,0,0,0,0,0,0,0,0,0,0,0,0,0,0,0,0,0,0,0,0,0,0,0,0,0,0,0,0,0,0,0,0,0,0,0,0,0,0,0,0,0,0,0,0,0,0,0,0,0,0,0,0,0,0,0,0,0,0,0
55,Washington,0,0,0,0,0,0,0,0,0,0,0,0,0,0,0,0,0,0,0,0,10103,19,147,121,88,436,249,456,0,257,182,132,213,327,190,150,134,213,244,300,360,178,270,111,303,305,143,270,207,217,191,170,252,170,329,143,177,171,154,139,142,0,552,228,108,208,347,302,271,353,270,174,321,242,253,445,283,308,298,0,407,382,358,292,321,362,258,389,399,614,450,184,508,474,491,484,543,348,491,559,604,713,617,467,646,1077,420,511,625,622,0,1424,1140,542,725,1261,747,949,917,791,820,669,748,802,1026,779,669,854,773,809,0,1710,628,538,645,700,804,651,920,549,566,485,543,625,781,735,561,256,519,412,685,377,809,411,355,325,452,532,583,578,441,305,288,434,469,471,501,399,310,0,439,451,538,465,350,297,318,342,375,398,597,349,170,442,498,537,968,604,439,369,380,478,588,683,610,455,386,380,533,704,635,475,0,0,1719,724,665,702,777,530,441,465,720,648,813,919,649,562,511,700,808,1009,928,814,1027,635,1453,1055,1683,1770,1320,1218,1419,0,3320,2130,2233,2309,1463,2566,1282,1976,2116,1717,0,6241,3447,2873,0,4262,2467,2066,2248,2166,3081,2045,1828,1503,1654,6941,2897,2487,2716,3112,4181,2328,1695,1237,0,9196,5941,2332,0,4033,1227,2284,2869,0,3626,0,1942,2000,1433,4381,0,0,8646,1016,2273,1921,3231,4530,2989,0,5090,1768,2609,2537,2166,0,3969,0,0,4041,1945,2113,1949,0,1909,1322,1763,2488,1950,1796,0,1705,1359,1530,1556,1460,775,0,3066,704,636,1423,966,880,0,0,1665,1011,1156,878,890,0,1133,707,841,1058,1155,951,0,922,714,771,834,769,664,0,0,0,0,0,0,0,0,0,0,0,0,0,0,0,0,0,0,0,0,0,0,0,0,0,0,0,0,0,0,0,0,0,0,0,0,0,0,0,0,0,0,0,0,0,0,0,0,0,0,0,0,0,0,0,0,0,0,0,0,0,0,0,0,0,0,0,0,0,0,0,0,0,0,0,0,0,0,0,0,0,0,0,0,0,0,0,0,0,0,0
56,West Virginia,0,0,0,0,0,0,0,0,0,0,0,0,0,0,0,0,0,0,0,0,587,16,28,61,24,43,10,103,6,4,30,38,28,0,43,8,28,15,0,12,14,0,29,3,0,44,0,0,21,6,0,10,0,16,4,0,9,0,36,0,110,0,43,1,0,112,16,0,0,8,7,0,0,6,0,16,3,0,0,16,0,0,10,13,18,0,17,31,50,28,25,14,0,0,60,0,0,30,0,0,62,0,57,72,38,82,46,89,49,119,155,55,49,0,132,0,0,443,18,1,7,0,0,100,20,61,0,0,46,0,88,116,80,99,0,0,4,0,8,55,39,0,36,60,11,28,0,0,0,0,78,0,0,35,15,0,27,0,104,54,92,105,109,33,114,74,184,82,133,38,27,0,199,186,111,43,0,72,94,41,49,98,28,1,0,88,99,50,143,134,24,0,77,82,33,109,42,0,2,0,171,25,126,0,111,0,8,296,0,96,155,29,0,0,130,113,114,202,0,128,187,242,187,238,145,0,154,228,243,187,548,521,0,500,456,304,610,859,377,330,454,482,534,598,565,338,262,343,467,576,405,639,417,134,204,303,288,573,788,614,0,382,101,0,352,1064,0,15,169,572,196,221,385,243,0,0,131,903,769,0,0,0,169,55,1655,691,584,0,0,310,0,586,791,268,9,0,0,0,0,238,0,0,0,0,0,0,0,0,0,0,0,0,0,0,0,0,0,0,0,0,0,0,0,0,0,0,0,0,0,0,0,0,0,0,0,0,0,0,0,0,0,0,272,0,0,0,0,0,321,0,0,0,0,0,0,0,0,0,0,0,0,0,0,0,0,0,0,0,0,0,0,0,0,0,0,0,0,0,0,0,0,0,0,0,0,0,0,0,0,0,0,0,0,0,0,0,0,0,0,0,0,0,0,0,0,0,0,0,0,0,0,0,0,0,0,0,0,0,0,0,0,0,0,0,0,0,0,0,0,0,0,0,0,0,0,0,0,0,0,0
57,Wisconsin,0,0,0,0,0,0,0,0,0,0,0,0,0,0,0,0,0,0,0,0,0,77,111,153,140,169,140,139,143,112,216,197,299,328,219,160,189,223,0,449,0,274,21,159,109,130,191,154,139,28,0,0,39,143,202,356,0,0,157,182,152,144,86,95,78,136,0,219,45,0,0,28,474,0,0,0,0,9,0,0,0,0,0,0,0,0,0,0,267,0,0,15,0,156,19,0,96,110,51,224,36,94,60,290,114,141,0,49,265,303,339,361,142,353,172,264,175,222,205,199,332,0,219,187,0,272,0,0,0,148,0,82,241,0,0,0,0,0,120,0,0,0,0,47,72,0,0,0,0,414,0,0,59,0,0,0,27,117,56,3,0,0,305,0,65,561,7,140,0,73,0,667,321,310,740,0,308,330,756,1244,832,472,271,356,492,1053,855,1082,798,510,692,752,1122,879,1030,229,325,263,648,1292,742,685,787,490,1253,864,1565,1185,0,0,1000,2013,1127,367,311,643,732,529,2096,304,1427,1937,1375,0,815,2323,1792,1846,1358,2231,204,15579,3215,2640,3426,2857,0,1403,859,2631,2787,1775,669,1077,0,0,2089,0,0,0,214,0,0,178,0,0,0,0,0,0,297,0,0,0,0,0,0,0,0,0,0,93,0,0,0,0,0,0,0,0,0,364,0,1271,0,0,240,0,1801,961,1753,1432,162,0,0,619,73,534,176,0,0,0,0,0,443,0,55,0,0,0,0,101,0,0,0,0,0,0,0,0,0,0,0,0,0,39,0,0,0,0,0,0,0,0,0,0,0,32,0,147,0,9,0,0,121,162,286,283,603,0,0,0,0,0,0,0,0,0,0,0,0,0,0,0,0,0,0,0,0,0,0,0,0,0,0,0,0,0,0,0,0,0,0,0,0,0,0,0,0,0,0,0,0,0,0,0,0,0,0,0,0,0,0,0,0,0,0,0,0,0,0,0,0,0,0,0,0,0,0,0,0,0,0,0,0,0,0,0,0,0,0,0,0,0,0,0,0,0,0,0
58,Wyoming,0,0,0,0,0,0,0,0,0,0,0,0,0,0,0,0,0,0,0,0,270,4,7,5,8,9,4,4,4,126,0,5,20,18,11,18,16,9,0,5,0,3,10,0,23,0,0,0,4,7,0,13,10,8,16,10,10,4,0,7,0,10,20,0,0,9,0,5,0,5,0,2,0,6,0,4,8,0,0,0,19,18,4,9,19,0,15,22,8,0,5,11,2,15,14,5,3,22,20,10,5,16,17,9,25,41,0,14,7,7,15,12,41,0,0,5,0,18,13,25,8,0,10,0,32,12,13,13,0,15,0,13,19,0,0,0,0,0,0,32,0,0,0,8,24,26,50,14,0,40,0,32,4,18,0,0,0,21,44,0,14,0,0,0,0,0,0,30,0,38,14,0,0,17,21,0,5,72,58,51,0,72,11,14,105,49,29,16,128,27,0,38,70,0,57,62,13,0,43,93,114,45,86,10,36,133,99,156,86,141,117,63,196,114,289,146,182,277,98,141,220,302,184,290,147,109,222,157,693,53,540,316,820,0,754,365,358,407,250,744,477,0,0,67,482,591,84,0,0,0,0,337,0,0,121,0,276,0,229,0,0,158,0,0,37,337,0,0,149,0,175,53,0,0,0,155,0,0,317,0,0,0,136,0,0,0,271,30,143,242,0,149,0,47,137,403,0,189,0,0,209,257,0,92,29,0,0,60,0,0,146,0,67,0,186,0,0,92,0,0,0,11,0,0,11,0,0,0,0,0,0,60,0,42,0,0,0,0,33,14,29,0,0,0,0,53,0,10,0,0,0,0,0,0,0,0,0,0,0,0,0,0,0,0,0,0,0,0,0,0,0,0,0,0,0,0,0,0,0,0,0,0,0,0,0,0,0,0,0,0,0,0,0,0,0,0,0,0,0,0,0,0,0,0,0,0,0,0,0,0,0,0,0,0,0,0,0,0,0,0,0,0,0,0,0,0,0,0,0,0,0,0,0,0,0,0,0,0,0,0