,Province_State,Population,2020-12-14,2020-12-15,2020-12-16,2020-12-17,2020-12-18,2020-12-19,2020-12-20,2020-12-21,2020-12-22,2020-12-23,2020-12-24,2020-12-25,2020-12-26,2020-12-27,2020-12-28,2020-12-29,2020-12-30,2020-12-31,2021-01-01,2021-01-02,2021-01-03,2021-01-04,2021-01-05,2021-01-06,2021-01-07,2021-01-08,2021-01-09,2021-01-10,2021-01-11,2021-01-12,2021-01-13,2021-01-14,2021-01-15,2021-01-16,2021-01-17,2021-01-18,2021-01-19,2021-01-20,2021-01-21,2021-01-22,2021-01-23,2021-01-24,2021-01-25,2021-01-26,2021-01-27,2021-01-28,2021-01-29,2021-01-30,2021-01-31,2021-02-01,2021-02-02,2021-02-03,2021-02-04,2021-02-05,2021-02-06,2021-02-07,2021-02-08,2021-02-09,2021-02-10,2021-02-11,2021-02-12,2021-02-13,2021-02-14,2021-02-15,2021-02-16,2021-02-17,2021-02-18,2021-02-19,2021-02-20,2021-02-21,2021-02-22,2021-02-23,2021-02-24,2021-02-25,2021-02-26,2021-02-27,2021-02-28,2021-03-01,2021-03-02,2021-03-03,2021-03-04,2021-03-05,2021-03-06,2021-03-07,2021-03-08,2021-03-09,2021-03-10,2021-03-11,2021-03-12,2021-03-13,2021-03-14,2021-03-15,2021-03-16,2021-03-17,2021-03-18,2021-03-19,2021-03-20,2021-03-21,2021-03-22,2021-03-23,2021-03-24,2021-03-25,2021-03-26,2021-03-27,2021-03-28,2021-03-29,2021-03-30,2021-03-31,2021-04-01,2021-04-02,2021-04-03,2021-04-04,2021-04-05,2021-04-06,2021-04-07,2021-04-08,2021-04-09,2021-04-10,2021-04-11,2021-04-12,2021-04-13,2021-04-14,2021-04-15,2021-04-16,2021-04-17,2021-04-18,2021-04-19,2021-04-20,2021-04-21,2021-04-22,2021-04-23,2021-04-24,2021-04-25,2021-04-26,2021-04-27,2021-04-28,2021-04-29,2021-04-30,2021-05-01,2021-05-02,2021-05-03,2021-05-04,2021-05-05,2021-05-06,2021-05-07,2021-05-08,2021-05-09,2021-05-10,2021-05-11,2021-05-12,2021-05-13,2021-05-14,2021-05-15,2021-05-16,2021-05-17,2021-05-18,2021-05-19,2021-05-20,2021-05-21,2021-05-22,2021-05-23,2021-05-24,2021-05-25,2021-05-26,2021-05-27,2021-05-28,2021-05-29,2021-05-30,2021-05-31,2021-06-01,2021-06-02,2021-06-03,2021-06-04,2021-06-05,2021-06-06,2021-06-07,2021-06-08
0,Alabama,4903185.0,,,,,5181.0,5181.0,5181.0,5181.0,5181.0,5181.0,5181.0,5181.0,5181.0,5181.0,20354.0,20354.0,20354.0,20354.0,20354.0,42810.0,42810.0,42810.0,42810.0,42810.0,42810.0,42810.0,42810.0,42810.0,87138.0,87138.0,87138.0,87138.0,130394.0,130394.0,130394.0,148685.0,148685.0,158116.0,184618.0,202643.0,249356.0,249356.0,249356.0,287002.0,298017.0,314241.0,339756.0,361376.0,361376.0,361376.0,403509.0,420235.0,440579.0,459674.0,483290.0,483290.0,483290.0,556337.0,556337.0,582273.0,612035.0,641924.0,641924.0,641924.0,641924.0,714446.0,728955.0,752524.0,784913.0,784913.0,788613.0,837784.0,862108.0,886708.0,911884.0,946091.0,946091.0,946091,1000613,1025379,1053756,1084676,1117838,1117838,1168845,1168845,1191825,1220697,1252319,1285839,1298612,1298612,1334180,1358576,1363987,1390066,1426696,1460782,1472666,1479271,1509445,1542416,1579091,1611404,1645858,1659102,1666585,1697641,1728736,1771979,1813462,1847243,1858833,1864857,1896920,1938701,2021334,2065327,2082605,2092489,2127317,2168891,2207392,2245574,2280686,2292276,2297563,2327764,2360527,2394304,2429629,2461510,2471409,2478227,2499694,2527815,2559938,2591163,2617405,2622717,2627322,2627322,2670926,2673181,2726356,2758021,2768204,2773615,2773902,2791631,2831853,2859591,2881314,2886106,2886153,2905553,2906102,2939161,2945488,2962661,2981931,2982081,2996346,3002607,3007387,3016803,3020540,3021454,3021454,3022276,3025283,3025695,3032765,3032931,3035058,3036419,3036833
1,Alaska,731545.0,,,,,4270.0,4270.0,5674.0,7118.0,8918.0,11002.0,11002.0,11845.0,11845.0,12202.0,12202.0,11127.0,13772.0,13772.0,13772.0,18266.0,18266.0,18266.0,18266.0,20775.0,20775.0,25058.0,25058.0,25058.0,35005.0,35005.0,43348.0,49791.0,54946.0,54946.0,54946.0,67085.0,67085.0,69047.0,72662.0,81836.0,88331.0,88331.0,88331.0,98137.0,101585.0,105846.0,110400.0,115273.0,115273.0,115273.0,123448.0,125770.0,129940.0,134006.0,139151.0,139151.0,146082.0,152871.0,156252.0,162271.0,167432.0,175135.0,175138.0,183831.0,183831.0,193614.0,199148.0,206682.0,217541.0,227403.0,235141.0,239927.0,239927.0,243650.0,249559.0,254334.0,259538.0,264741,268406,269941,273350,276891,281467,288625,298144,298144,302687,307769,313365,318526,333357,333357,337141,339647,345987,351093,357997,362698,372435,375590,376555,380273,386510,392504,395650,401502,403284,408717,413024,417426,422134,422134,428556,435947,440363,447578,469295,469295,469295,485328,496015,499742,521123,525000,525000,525000,533669,539905,548385,550895,554133,554133,554133,558651,560217,566722,569114,572281,572281,572281,583933,583933,621496,623575,625950,625950,625950,575340,576572,596118,597901,600324,600324,600324,603937,605896,605896,610608,612904,612904,612904,612904,612904,612904,615746,615746,615746,615746,615746,615746,615746,615746,615746,615746,615746,615746,615746
2,Arizona,7278717.0,,,,,,,,,,,,,,,,,,,,,,,101030.0,101030.0,113993.0,126090.0,139068.0,148292.0,151844.0,165531.0,188740.0,217716.0,232125.0,263625.0,270718.0,281270.0,281270.0,297385.0,319984.0,347013.0,380764.0,412320.0,438419.0,458461.0,486338.0,518125.0,554760.0,592288.0,629845.0,659728.0,671513.0,702664.0,736845.0,766330.0,822821.0,861886.0,861886.0,920166.0,920166.0,1045644.0,1096126.0,1096126.0,1191338.0,1217126.0,1217126.0,1291053.0,1339829.0,1387118.0,1429147.0,1463509.0,1480973.0,1525794.0,1552911.0,1603558.0,1607544.0,1671294.0,1728239.0,1792447,1849259,1889742,1930999,1979929,2038623,2079951,2215219,2215219,2245854,2293559,2350374,2418267,2557630,2589268,2605621,2655283,2697523,2755436,2804864,2885293,2936274,2967869,3007386,3048082,3113264,3181677,3245254,3308671,3363062,3399399,3451567,3521132,3581448,3663281,3720230,3822451,3864889,3922851,3975606,4054007,4125010,4168939,4203995,4250790,4306602,4366496,4440592,4505745,4550226,4581441,4631928,4688598,4750108,4815132,4872521,4912269,4940974,4980955,5024348,5070403,5123812,5162655,5176775,5176775,5216530,5259733,5301083,5337459,5372605,5411726,5450531,5471165,5497137,5521396,5558091,5598339,5618126,5635242,5663654,5687093,5718183,5764271,5801149,5829205,5841059,5856464,5879403,5906194,5929316,5952458,5952458,5976666,5983627,5997066,6015930,6043146,6067368,6090510,6104303
3,Arkansas,3017804.0,,,,,4000.0,4000.0,4000.0,4000.0,4000.0,4000.0,4000.0,4000.0,4000.0,4000.0,4000.0,4000.0,4000.0,4000.0,4000.0,4000.0,4000.0,4000.0,4000.0,4000.0,58914.0,68465.0,77594.0,81277.0,84570.0,93333.0,106826.0,116772.0,124156.0,131390.0,137307.0,140559.0,140559.0,154235.0,171515.0,186105.0,200813.0,212072.0,218951.0,221602.0,234120.0,251096.0,267682.0,284928.0,299938.0,307558.0,310513.0,318408.0,334023.0,347806.0,370262.0,388924.0,397119.0,401664.0,413116.0,425873.0,442134.0,452208.0,467237.0,474603.0,478048.0,483438.0,489639.0,493776.0,517271.0,520904.0,528467.0,540192.0,534479.0,553004.0,578519.0,597990.0,622665.0,649311,661572,670815,687433,704368,723756,744139,773357,782750,782750,799184,800091,836608,882630,882630,892588,897059,912660,929862,952919,974973,999488,1008575,1012415,1032499,1056307,1086176,1114449,1143893,1153739,1159108,1183295,1209965,1244076,1305535,1306811,1316063,1325141,1351223,1405741,1440169,1469291,1478774,1484206,1508295,1535135,1561736,1585770,1611803,1618371,1624969,1645403,1667028,1688238,1707412,1724751,1734405,1737538,1753393,1772085,1787295,1803795,1824158,1829914,1829914,1845530,1860521,1872359,1885668,1900002,1905274,1909885,1919251,1928682,1938998,1954605,1966843,1970379,1973505,1981006,1991127,2002891,2015842,2025275,2029791,2032185,2041850,2050759,2058874,2069135,2077244,2077244,2081267,2083064,2089146,2095644,2103704,2111201,2111327,2117118
4,California,39512223.0,,,,,,,,,,,,,,,,,,,,,436154.0,454306.0,459564.0,488515.0,586379.0,652128.0,734405.0,734405.0,783476.0,816673.0,889042.0,971829.0,971829.0,1188703.0,1303518.0,1303518.0,1303518.0,1393224.0,1393224.0,1393224.0,1393224.0,1393224.0,1393224.0,1393224.0,2587736.0,2730262.0,2893493.0,3078250.0,3266914.0,3434295.0,3523111.0,3649440.0,3792797.0,3984752.0,4199626.0,4650637.0,4650637.0,4746539.0,4914613.0,5089483.0,5291493.0,5511429.0,5768684.0,5981552.0,6153109.0,6262781.0,6435184.0,6699137.0,6964603.0,7201713.0,7453468.0,7728120.0,7728120.0,7876011.0,8064121.0,8310945.0,8566470.0,8821044,9106077,9497125,9731169,9860209,10071476,10415023,10805474,10925581,10925581,11062505,11220508,11428034,11883375,11883375,12306608,12686451,13161027,13563094,13882984,14276125,14708175,15050673,15349039,15691888,16062266,16527440,16944916,17335016,17703550,17922091,18223412,18604164,18985902,19449615,19962420,20309146,20485651,20865892,22030904,22501294,22777893,23031055,23243392,23760123,24242205,25047682,25569748,26092008,26435308,26689222,27013516,27384986,27727113,28302062,28798648,29151065,29372925,29640092,29957450,30223491,30820835,31185031,31382140,31382140,31670889,31997303,32367810,32759885,33109680,33438134,33632769,33817290,34085597,34319950,34715312,35114882,35341738,35518035,35767717,36053888,36377958,36714358,37048042,37218236,37325781,37480670,37669020,37874433,38066786,38261502,38261502,38472729,38517344,38637246,38825789,39130665,39350625,39541180,39633257
5,Colorado,5758736.0,,,,,,12123.0,22539.0,33934.0,38666.0,43749.0,55778.0,63170.0,63233.0,65282.0,65282.0,73867.0,82342.0,94297.0,104086.0,105842.0,111679.0,113700.0,113700.0,127425.0,144160.0,170332.0,200877.0,217250.0,223488.0,238766.0,253422.0,270800.0,287714.0,308441.0,323037.0,328533.0,328533.0,338584.0,352984.0,375195.0,403896.0,431898.0,445251.0,455081.0,471528.0,492188.0,519551.0,542764.0,565489.0,586025.0,597571.0,613294.0,635017.0,657725.0,691937.0,725811.0,747855.0,753424.0,782831.0,810790.0,840224.0,881104.0,922027.0,970215.0,995662.0,1019072.0,1046994.0,1083308.0,1132448.0,1167895.0,1202161.0,1233466.0,1233466.0,1268302.0,1294236.0,1323183.0,1341927.0,1382449,1412910,1428854,1462053,1494910,1535529,1580969,1640993,1667075,1717634,1759617,1803495,1857218,1950480,1950480,1963387,1983746,2026340,2066482,2122524,2188145,2250372,2276660,2310425,2344091,2388899,2443350,2500874,2569087,2602792,2645306,2691248,2746030,2803981,2878136,2954206,2979697,3017904,3079255,3184749,3266193,3336248,3407618,3464019,3527781,3583563,3646570,3714665,3790514,3846376,3890828,3942162,4003990,4068389,4072289,4210710,4241020,4278837,4323941,4388497,4442828,4506339,4549102,4571001,4571001,4649806,4711738,4768105,4818646,4880920,4923667,4959078,4984769,5015042,5065097,5109459,5165684,5187825,5209739,5251141,5285343,5287276,5387598,5419921,5565142,5595932,5634160,5660686,5688393,5715944,5734383,5745729,5754510,5777056,5784130,5784130,5784130,5784130,5896546,5914366
6,Connecticut,3565287.0,,,,1982.0,1982.0,1982.0,1982.0,7761.0,7761.0,7761.0,7761.0,7761.0,7761.0,7761.0,36276.0,36276.0,36276.0,54727.0,54727.0,54727.0,54727.0,54727.0,75180.0,75180.0,75180.0,101734.0,101734.0,101734.0,101734.0,141055.0,141055.0,171035.0,171035.0,171035.0,171035.0,171035.0,171035.0,229524.0,243140.0,264707.0,287440.0,306796.0,321737.0,331264.0,342643.0,360991.0,381160.0,403370.0,421191.0,436842.0,449253.0,456090.0,465008.0,481826.0,502347.0,519400.0,533941.0,542414.0,554322.0,574750.0,600249.0,626678.0,654766.0,674704.0,674704.0,711142.0,738191.0,767183.0,822615.0,847820.0,860534.0,892882.0,892882.0,912033.0,925946.0,954153.0,980211.0,1004467,1031305,1040154,1061375,1087313,1121517,1157114,1228865,1228865,1245687,1272581,1304302,1345350,1411532,1411532,1442439,1460334,1483587,1514945,1551481,1586484,1623090,1658338,1676905,1701298,1737160,1774045,1813854,1854289,1891603,1924605,1954259,1992899,2035542,2092230,2138503,2178710,2186180,2227005,2384592,2391842,2451693,2498626,2531669,2572005,2612551,2671509,2720972,2770457,2808703,2834601,2870146,2913574,2957181,3006976,3056088,3094177,3112117,3147007,3184543,3220725,3264326,3300234,3321709,3321709,3361098,3398443,3437201,3475019,3512139,3544069,3566107,3587180,3612792,3637551,3669074,3705086,3736215,3753824,3773346,3805000,3836435,3872950,3874701,3919374,3931088,3945496,3968265,3992826,4009308,4024797,4024797,4044620,4048712,4059343,4071439,4071664,4108136,4129334,4140584
7,Delaware,973764.0,,92.0,105.0,455.0,1980.0,3072.0,3090.0,4404.0,5202.0,6991.0,7420.0,7420.0,7852.0,7858.0,8834.0,10343.0,11960.0,13691.0,13701.0,14265.0,14265.0,14265.0,15460.0,17064.0,18732.0,21814.0,23851.0,26567.0,26567.0,28316.0,30992.0,33883.0,36634.0,38650.0,41309.0,43063.0,43063.0,46141.0,49873.0,54760.0,54760.0,64690.0,67475.0,68995.0,77924.0,82699.0,87511.0,92552.0,100678.0,103258.0,103791.0,107597.0,110707.0,113592.0,117662.0,125756.0,125756.0,126650.0,127523.0,130116.0,133370.0,136591.0,142103.0,149830.0,151739.0,154483.0,159533.0,164518.0,175305.0,180600.0,180940.0,186619.0,186619.0,189836.0,196089.0,204389.0,212739.0,219312,225374,228097,237669,246194,255036,264601,280674,285101,285101,286933,299695,307982,319587,319587,333896,338429,346179,354571,362023,372165,382342,389157,389157,397204,406635,417566,428136,438768,447568,453447,463476,473912,485988,498720,508590,516432,519065,528053,549853,561531,576112,582422,587884,599682,612195,625694,637222,648557,657111,662401,672471,682998,694722,704986,717216,723678,729085,739528,748392,759503,771295,781165,783813,783813,793383,793463,810270,817708,825352,831440,837312,841297,846379,851363,856073,863273,868191,870394,874029,876335,883409,892929,900800,904772,908361,911838,916936,927664,934414,939050,939050,943680,944812,947021,951447,951496,960980,964489,966633
8,District of Columbia,705749.0,,,,,,,,,,,,,,,,,,,,,,,16989.0,16989.0,16989.0,16989.0,16989.0,16989.0,26672.0,26672.0,26672.0,26672.0,26672.0,26672.0,26672.0,41053.0,41053.0,41053.0,41053.0,41053.0,41053.0,41053.0,51421.0,51421.0,51421.0,51421.0,51421.0,51421.0,51421.0,62219.0,62219.0,83553.0,85065.0,94095.0,98862.0,102031.0,105819.0,108475.0,108475.0,108475.0,111720.0,114110.0,116261.0,121313.0,121313.0,126500.0,128460.0,130437.0,157111.0,159640.0,162674.0,166724.0,166724.0,170343.0,173030.0,176044.0,184748.0,194746,198047,199212,202090,207421,211736,220634,230110,232666,232666,238189,244060,250090,264499,264499,271191,274424,281538,285546,291022,296647,302692,306996,309362,313341,320173,327007,334783,344954,353718,359065,374297,381345,388617,396885,403560,407352,412388,413125,434907,445289,454034,462553,466580,471911,481913,491109,500879,511693,521527,525165,532219,539240,548808,558290,568011,576507,581013,588451,595665,601789,608710,615530,620186,620186,626082,631309,637854,647628,655560,665014,671959,681780,685996,692270,698064,714049,724576,729556,733212,739546,748358,754427,762688,765744,767803,770851,774198,781132,785239,788012,788012,790691,791412,792734,795113,797785,797796,803500,805360
9,Florida,21477737.0,,28.0,2632.0,13091.0,26339.0,41164.0,45607.0,48388.0,62921.0,81039.0,105430.0,115676.0,116015.0,128920.0,132635.0,156803.0,187896.0,230777.0,249669.0,250595.0,255808.0,260655.0,291770.0,334977.0,398824.0,467816.0,550157.0,596735.0,627944.0,699587.0,768629.0,846855.0,928869.0,1024704.0,1099535.0,1125053.0,1125053.0,1166458.0,1233594.0,1306983.0,1389149.0,1479622.0,1534816.0,1565383.0,1622421.0,1697849.0,1814482.0,1879244.0,1948148.0,1993472.0,2036038.0,2119968.0,2209641.0,2320966.0,2448711.0,2579175.0,2661796.0,2710156.0,2813488.0,2933920.0,3057652.0,3216044.0,3351430.0,3467856.0,3490648.0,3598996.0,3702569.0,3819224.0,4198451.0,4205898.0,4387051.0,4406005.0,4406005.0,4502702.0,4605201.0,4704530.0,4822353.0,5044420,5047960,5077891,5167346,5314200,5448653,5688357,5904827,5961421,5961421,6070173,6332072,6613352,7108286,7108286,7116355,7197889,7332554,7522691,7684142,7977789,8186888,8191294,8250717,8396727,8603007,8811431,9028641,9271008,9276711,9405368,9563326,9781739,9988150,10204039,10565844,10567292,10645680,10806283,11367878,11639845,11912259,12083514,12188472,12302529,12550868,12767808,13029551,13397449,13400013,13486553,13652873,13856952,14062043,14252729,14462795,14608762,14698580,14851191,15013785,15159919,15488105,15491654,15566404,15566404,15721876,15893169,16084479,16251997,16431037,16598829,16697361,16801374,16937994,17052882,17325840,17328800,17431492,17502836,17592926,17744573,17868244,18046544,18139598,18217092,18270527,18348183,18442633,18532296,18620153,18703929,18703929,18821297,18864968,18912564,18982387,19078401,19159212,19239288,19301304
10,Georgia,10617423.0,,,,,,,1258.0,17870.0,26010.0,26010.0,26010.0,26010.0,26010.0,26010.0,52242.0,61870.0,76742.0,76742.0,76742.0,76742.0,94607.0,94607.0,94607.0,123030.0,135605.0,167057.0,167057.0,167057.0,206900.0,235541.0,283177.0,326056.0,368379.0,393970.0,402955.0,423011.0,423011.0,484775.0,535920.0,591438.0,630984.0,651478.0,656501.0,674967.0,746274.0,791254.0,836518.0,887399.0,913936.0,923903.0,954786.0,984354.0,1030872.0,1073482.0,1122122.0,1146687.0,1158884.0,1199430.0,1248477.0,1301647.0,1353978.0,1408232.0,1429643.0,1446647.0,1446647.0,1491903.0,1541057.0,1606622.0,1720789.0,1786755.0,1850856.0,1880429.0,1880429.0,1919262.0,1961849.0,2013769.0,2070076.0,2072451,2072628,2104827,2154840,2217163,2286514,2325495,2391999,2391999,2407851,2478115,2540760,2615845,2754347,2754347,2790084,2810272,2846173,2956040,3044905,3113334,3207887,3280952,3281102,3362513,3434860,3530980,3621196,3711950,3764344,3786303,3855859,3950645,4055515,4150770,4185967,4236864,4281437,4463237,4660059,4675723,4750317,4778384,5084048,5061522,5157520,5262259,5366914,5462269,5542994,5583537,5655164,5740162,5828947,5922054,5924273,6011504,6060609,6135031,6218010,6306091,6386954,6460256,6461734,6461734,6550721,6552673,6680976,6740869,6799470,6838037,6867030,6909908,6960793,7004624,7053648,7055138,7120620,7120836,7122845,7212497,7256339,7306802,7340924,7341201,7341201,7376645,7410254,7411688,7413625,7414465,7414465,7610655,7610659,7612650,7783684,7785073,7859494,7860212,7931960
11,Hawaii,1415872.0,,,,,,,,,,,,,,,,,,25000.0,25000.0,25000.0,25000.0,25000.0,25000.0,25000.0,25470.0,25470.0,25470.0,25470.0,25470.0,25470.0,40386.0,40386.0,40386.0,40386.0,40386.0,40386.0,40386.0,40386.0,70095.0,70095.0,94003.0,94003.0,94003.0,106654.0,109808.0,120431.0,127419.0,137100.0,137100.0,137100.0,151558.0,159526.0,171705.0,181704.0,189446.0,189446.0,189446.0,202200.0,210250.0,218997.0,227401.0,236649.0,236649.0,236649.0,236649.0,261950.0,268428.0,276603.0,301369.0,312730.0,322966.0,333599.0,333599.0,339771.0,348897.0,359108.0,370746.0,382798,389644,392771,399195,411264,421996,434343,452988,452988,464100,475859,489283,503482,528035,528035,538235,546123,559118,572716,587465,599643,610517,614208,621720,632086,642642,659606,660902,662115,685464,692706,705568,717790,732136,742277,757630,763772,770879,871595,906777,906777,906777,954594,973793,991624,1007966,1027849,1027849,1027849,1064942,1076512,1089152,1105651,1118905,1135909,1155796,1167288,1180186,1195009,1209189,1225187,1239820,1252324,1257711,1257711,1264136,1266849,1369473,1376756,1386097,1386111,1394995,1399501,1413166,1421294,1445098,1446496,1476873,1482502,1496719,1511715,1525562,1536969,1538316,1552128,1560435,1565360,1565795,1570845,1583711,1584219,1584219,1592196,1592196,1595283,1595765,1604235,1609251,1610294,1612895
12,Idaho,1787065.0,,,,321.0,944.0,2306.0,3582.0,4348.0,5665.0,6538.0,8490.0,8490.0,9673.0,10099.0,10459.0,11729.0,13686.0,15780.0,15780.0,18527.0,19119.0,19569.0,20843.0,22822.0,25416.0,28194.0,32100.0,34755.0,35842.0,38891.0,42607.0,46703.0,51233.0,58170.0,60805.0,60805.0,60805.0,69398.0,73209.0,77781.0,82475.0,86912.0,91066.0,93582.0,96896.0,102713.0,108364.0,114372.0,120391.0,123897.0,126178.0,131909.0,139695.0,149599.0,166466.0,176220.0,185790.0,195591.0,198826.0,205379.0,214063.0,223921.0,241569.0,242295.0,242295.0,263625.0,270169.0,278474.0,304647.0,313466.0,326336.0,340444.0,340444.0,346534.0,356987.0,367113.0,378401.0,392370,404250,409641,418956,428196,442491,457434,482273,489220,489220,497534,507965,522505,550174,550174,559659,566079,566777,586497,603043,622341,639606,650437,656932,666389,678747,694887,710876,728042,736941,740943,752364,766703,782576,799887,817221,826653,828816,842030,873222,889862,909981,920374,924998,917256,929172,944361,959118,974591,981273,984868,994195,1004155,1017413,1029611,1043295,1048785,1051044,1058965,1066942,1076561,1087190,1098931,1101401,1101401,1108625,1116681,1125117,1132242,1132383,1132419,1150182,1154850,1160043,1166827,1172433,1179378,1181916,1183228,1188199,1193617,1198537,1205957,1211932,1214862,1216399,1219945,1223895,1228152,1232835,1236617,1236617,1239775,1240621,1243355,1246785,1250742,1250775,1256270,1257553
13,Illinois,12671821.0,,,,,,,,,,,,,,,,,,,,,,,,,,,,,,353791.0,384658.0,414296.0,447348.0,471157.0,487040.0,495563.0,495563.0,508732.0,537740.0,572389.0,616677.0,657820.0,681473.0,692763.0,719995.0,773623.0,829488.0,887845.0,945137.0,981988.0,996410.0,1073076.0,1108571.0,1178369.0,1247521.0,1329963.0,1401585.0,1457693.0,1477780.0,1539781.0,1604830.0,1876297.0,1962262.0,2028044.0,2072133.0,2114935.0,1996099.0,2037388.0,2174539.0,2261482.0,2339546.0,2416034.0,2416034.0,2461385.0,2519447.0,2639826.0,2735250.0,2824209,2906555,2958947,3022385,3107699,3204414,3341021,3571808,3601065,3601065,3672596,3777731,3925271,4197470,4197470,4297923,4379055,4469795,4584510,4683361,4826260,4960792,5051382,5096694,5177472,5287852,5412272,5542211,5682011,5793846,5843688,5932882,6073419,6192219,6340870,6488477,6592898,6627939,6725817,7017850,7185009,7363280,7495849,7626668,7582133,7723702,7855924,8027611,8189755,8306266,8371979,8455483,8606345,8741918,8880236,9011738,9093034,9143971,9227089,9335649,9445420,9551269,9642236,9687975,9687975,9748918,9859955,9961799,10036784,10146731,10228284,10298929,10359133,10434159,10503920,10583166,10704700,10774776,10807457,10851079,10947955,11039696,11167219,11245253,11306682,11343172,11393564,11454543,11455715,11583657,11639422,11639422,11701469,11718643,11748935,11786638,11841109,11841617,11947497,11981117
14,Indiana,6732219.0,,,,,,,,,,,,,,,,75842.0,75842.0,75842.0,75842.0,75842.0,75842.0,75842.0,75842.0,128611.0,128611.0,128611.0,128611.0,128611.0,217259.0,235758.0,260166.0,287239.0,312193.0,338905.0,357633.0,366114.0,366114.0,389352.0,418472.0,449958.0,480338.0,513353.0,532804.0,540841.0,566575.0,590181.0,625370.0,646518.0,689350.0,705722.0,705722.0,742299.0,777560.0,816466.0,852280.0,887677.0,911334.0,923345.0,959079.0,994717.0,1039987.0,1079982.0,1120214.0,1142851.0,1153585.0,1175586.0,1190682.0,1228652.0,1269472.0,1304992.0,1326456.0,1333274.0,1364839.0,1403494.0,1459296.0,1505040.0,1551945.0,1590344,1615149,1624577,1657664,1697536,1748623,1800802,1879649,1879649,1892845,1934412,1979075,2030306,2127229,2127229,2160312,2170644,2206988,2252443,2304727,2360942,2406866,2437519,2447336,2489516,2548924,2604473,2655132,2700392,2734813,2744163,2793014,2840511,2903944,2972415,3016801,3048583,3061069,3118886,3268764,3333969,3382357,3412179,3451895,3519666,3588808,3646880,3699872,3728001,3747830,3785172,3834629,3887012,3938806,3981230,4014793,4029224,4068119,4114426,4171765,4229104,4278157,4297368,4307433,4307433,4395106,4453018,4496606,4542667,4575544,4587006,4618946,4657343,4696852,4740534,4777794,4808030,4817825,4854635,4886437,4928911,4965905,4997447,5013482,5021672,5048216,5074212,5101561,5125851,5150374,5160921,5160921,5169980,5190115,5210272,5232996,5255695,5255695,5279899,5297222
15,Iowa,3155070.0,,,,,,,,,,,,,,,,,,,,,,,,,,,,,,96686.0,96686.0,96686.0,96686.0,125776.0,125776.0,125776.0,125776.0,142614.0,142614.0,156296.0,156296.0,156296.0,156296.0,156296.0,156296.0,204196.0,212497.0,224347.0,237874.0,252202.0,257468.0,259522.0,266777.0,279252.0,293377.0,308527.0,328412.0,345350.0,351803.0,368759.0,387370.0,408578.0,432473.0,456512.0,456512.0,485710.0,495487.0,507650.0,552706.0,577374.0,599489.0,614928.0,614928.0,621717.0,631160.0,654074.0,684596.0,713054,734845,740713,753860,773314,801113,861247,940050,952377,952377,969877,999390,1034296,1114556,1114556,1145079,1155003,1155384,1182560,1225964,1265775,1302395,1324891,1333747,1346156,1369302,1402543,1445223,1488820,1514487,1525091,1539664,1567904,1605295,1687691,1688053,1706823,1716227,1732177,1807025,1854009,1905355,1927000,1938454,1970222,2001742,2034594,2070119,2102984,2125941,2132028,2149867,2176895,2208348,2242261,2277047,2295425,2306511,2319689,2351211,2378407,2408958,2433874,2453634,2453634,2473624,2495695,2517783,2541332,2564630,2581316,2589194,2597811,2612715,2628372,2644924,2666483,2681984,2690038,2699657,2717558,2736987,2755687,2772517,2782953,2788244,2797070,2808476,2820874,2830985,2841489,2841489,2850889,2854445,2858476,2867134,2875472,2886248,2893771,2898995
16,Kansas,2913314.0,,,,,,,,,,,,,,,,,,,,,,,,,,56480.0,56480.0,56480.0,77217.0,84555.0,93885.0,98130.0,103504.0,103504.0,103504.0,117434.0,117434.0,117434.0,129349.0,129349.0,143856.0,143856.0,143856.0,157520.0,157520.0,177350.0,177350.0,205114.0,205114.0,205114.0,229459.0,231201.0,249724.0,251425.0,278445.0,280252.0,296284.0,303691.0,305574.0,331022.0,332923.0,365180.0,367891.0,389983.0,394523.0,397247.0,418653.0,418653.0,466718.0,488738.0,509332.0,517379.0,483205.0,506401.0,506401.0,560776.0,583498.0,609765,620939,629548,644921,661143,683046,707897,742945,751652,751652,769636,796242,847260,900500,900500,909577,917107,931281,959395,997844,1035916,1072867,1081274,1088988,1115858,1140488,1170671,1217475,1249912,1261951,1269292,1290992,1311354,1367364,1408174,1446575,1456012,1460582,1496038,1558508,1600435,1639400,1652045,1662790,1688602,1720398,1758086,1790051,1815877,1827318,1831938,1850135,1879973,1908417,1933363,1956276,1962004,1965765,1980455,1997118,2015317,2036312,2053596,2056086,2056086,2070420,2085350,2115612,2129510,2146247,2151543,2158516,2170983,2179220,2189018,2199543,2210856,2213221,2217195,2226299,2235270,2245391,2257939,2270670,2274207,2279836,2292673,2298485,2304616,2317319,2324546,2324546,2328849,2330805,2331271,2343100,2343584,2349395,2353459,2368293
17,Kentucky,4467673.0,,,,,,,,,8839.0,11192.0,11192.0,11192.0,11192.0,11192.0,11192.0,28938.0,34376.0,34376.0,34376.0,34376.0,34376.0,60414.0,66582.0,77349.0,92938.0,107799.0,107799.0,107799.0,130355.0,140636.0,153498.0,172537.0,190547.0,190547.0,190547.0,213567.0,213567.0,221440.0,232127.0,250867.0,250867.0,267577.0,267577.0,308812.0,319608.0,338506.0,362924.0,382219.0,400267.0,409797.0,413300.0,430825.0,435400.0,455783.0,483777.0,517168.0,548342.0,564682.0,568658.0,584947.0,608198.0,636518.0,649810.0,678768.0,678768.0,711588.0,719857.0,726168.0,779109.0,796952.0,824007.0,851440.0,851440.0,874840.0,907836.0,945168.0,980727.0,1020045,1046835,1061236,1082228,1117369,1162694,1209546,1283860,1293847,1293847,1318808,1357068,1401175,1496894,1496894,1532494,1547563,1582305,1619517,1668125,1713059,1762745,1797605,1813786,1838590,1876610,1924602,1976294,2019234,2058753,2074948,2100387,2142945,2192380,2252894,2300753,2327458,2333781,2368560,2471143,2525215,2571972,2587355,2594073,2653617,2704303,2755582,2802064,2849292,2868642,2877497,2900342,2934874,2977151,3011682,3039150,3056552,3064218,3084915,3110315,3142500,3168055,3186682,3190060,3190060,3213684,3240967,3263399,3284726,3309482,3326637,3343775,3358806,3374208,3390010,3409051,3431439,3440394,3448823,3465017,3484624,3506028,3535226,3552278,3562321,3568565,3584699,3603240,3615995,3631035,3644416,3644416,3654599,3657162,3670108,3680332,3680579,3708043,3717370,3724124
18,Louisiana,4648794.0,,,,,,,,,22108.0,32766.0,32766.0,32766.0,32766.0,32766.0,32766.0,37969.0,37969.0,37969.0,45289.0,45289.0,45289.0,45289.0,56452.0,56452.0,81585.0,81585.0,81585.0,81585.0,81585.0,159698.0,159698.0,201377.0,201377.0,201377.0,201377.0,201377.0,201377.0,267720.0,267720.0,301316.0,314328.0,314328.0,314328.0,314328.0,357894.0,357894.0,397371.0,397371.0,397371.0,397371.0,397371.0,487705.0,488960.0,534985.0,536404.0,570731.0,599941.0,614041.0,637361.0,639019.0,699334.0,701110.0,735622.0,769155.0,782992.0,784976.0,791574.0,812962.0,859565.0,877683.0,894519.0,907334.0,907334.0,920794.0,943419.0,978234.0,1019381.0,1056975,1076576,1084499,1107626,1139071,1179138,1179915,1277889,1277889,1286353,1309279,1340630,1379998,1464377,1464377,1484459,1494482,1519050,1556491,1587368,1629437,1664443,1688633,1695779,1725080,1767526,1793002,1838055,1882190,1911134,1920242,1963625,2016902,2047718,2093895,2116985,2131488,2134372,2161015,2239421,2279467,2317149,2334618,2345503,2355526,2394289,2427942,2460469,2489654,2507009,2517042,2540302,2567548,2597790,2624038,2648411,2660514,2666718,2686441,2708187,2708891,2709800,2710055,2730594,2730594,2733787,2812519,2830235,2830772,2861659,2870888,2876507,2888086,2900359,2912089,2924921,2925419,2925540,2949415,2959952,2972438,2987625,3005269,3016273,3022829,3026351,3036128,3048106,3058019,3069547,3082438,3082438,3091340,3095398,3103075,3112365,3124501,3124589,3143283,3147407
19,Maine,1344212.0,,,,,2264.0,2264.0,2264.0,2264.0,8001.0,13089.0,15701.0,16236.0,17067.0,17180.0,17180.0,19634.0,23527.0,27122.0,30877.0,32090.0,32995.0,33425.0,35536.0,35536.0,42317.0,46633.0,52324.0,54557.0,55775.0,58083.0,62004.0,66487.0,70228.0,74805.0,78084.0,79149.0,79149.0,81355.0,85847.0,92008.0,98371.0,109262.0,109262.0,110332.0,115213.0,121220.0,128704.0,137531.0,145356.0,153981.0,158071.0,161655.0,167111.0,176961.0,187055.0,191813.0,195245.0,200927.0,208302.0,215892.0,226184.0,237447.0,243482.0,245855.0,249913.0,255849.0,265991.0,278806.0,287330.0,294127.0,296253.0,301705.0,308671.0,316462.0,328357.0,328357.0,338663.0,349840,355810,364431,375596,391148,406946,418266,427445,430790,446226,463877,480638,496634,510397,512284,523269,528109,545102,562483,574956,581387,584455,595845,604981,623388,640060,655406,664807,673445,683925,692786,712798,715036,751724,766984,778195,795748,798203,823594,870391,883051,894295,906713,906713,947441,966930,987358,1006549,1007762,1035968,1041650,1048457,1068265,1088047,1105784,1107231,1108830,1137578,1150672,1165567,1183324,1200539,1200802,1201345,1201345,1234253,1247314,1263442,1276596,1276858,1277884,1306086,1313480,1324706,1337725,1349471,1349801,1350580,1373335,1380576,1393589,1409051,1422735,1424180,1425083,1447042,1454127,1462994,1471942,1480132,1480596,1480596,1481269,1493486,1497916,1503653,1509897,1509928,1510257,1523482
20,Maryland,6045680.0,,,,,,,,,7537.0,10497.0,14103.0,16902.0,18789.0,19818.0,20812.0,28615.0,36669.0,47012.0,54060.0,56151.0,59769.0,65692.0,76916.0,87475.0,100010.0,114684.0,128797.0,142402.0,146172.0,161784.0,177611.0,194255.0,212713.0,237266.0,245036.0,255110.0,255110.0,265657.0,279412.0,294974.0,314861.0,358262.0,358262.0,372937.0,396661.0,419579.0,449916.0,483149.0,512805.0,535638.0,544369.0,553733.0,601914.0,601914.0,634055.0,671899.0,690081.0,699733.0,727828.0,752036.0,785170.0,818478.0,877332.0,877332.0,893860.0,908979.0,936557.0,970457.0,1044590.0,1054467.0,1087762.0,1132483.0,1132483.0,1159983.0,1199143.0,1239644.0,1280675.0,1325977,1364145,1390370,1454494,1497538,1548380,1606378,1671778,1671778,1715039,1761081,1812309,1859444,1961982,1961982,1991188,2033434,2082976,2130973,2190923,2194556,2287975,2320073,2357211,2409705,2464830,2532593,2594534,2648201,2681526,2736823,2809466,2882170,2961306,3043682,3103045,3126025,3174405,3251010,3414598,3513930,3581978,3582804,3689020,3765018,3837451,3921579,3924960,4063087,4110450,4166108,4238913,4315837,4394132,4456286,4525719,4554368,4615758,4672656,4733768,4805115,4859616,4886821,4912028,4938901,5005250,5047436,5106380,5171015,5221259,5268016,5310083,5362861,5408440,5463081,5517143,5562579,5588658,5616811,5698385,5758938,5808553,5855655,5892669,5913066,5936293,5990090,6030957,6059474,6111631,6121894,6134762,6163129,6167200,6191415,6221987,6257204,6285876,6309368,6324288
21,Massachusetts,6892503.0,,94.0,3277.0,9853.0,18642.0,22609.0,24029.0,30810.0,35618.0,55897.0,59556.0,59847.0,62361.0,63661.0,71387.0,78643.0,78643.0,78643.0,78643.0,78643.0,78643.0,78643.0,78643.0,78643.0,141108.0,141108.0,141108.0,141108.0,141108.0,141108.0,141108.0,239174.0,239174.0,239174.0,239174.0,239174.0,239174.0,239174.0,239174.0,359919.0,359919.0,359919.0,359919.0,359919.0,359919.0,359919.0,496103.0,496103.0,496103.0,496103.0,496103.0,625477.0,625477.0,681472.0,685074.0,727120.0,780268.0,806376.0,910412.0,950515.0,987774.0,1034018.0,1082785.0,1118374.0,1143430.0,1166516.0,1209614.0,1267262.0,1323656.0,1375439.0,1426512.0,1500077.0,1500077.0,1533534.0,1576657.0,1625459.0,1684341.0,1736477,1803528,1837816,1884139,1941018,2005800,2082052,2199086,2199086,2229483,2313916,2376322,2443419,2561749,2561749,2620671,2633498,2710203,2773542,2837941,2909219,2972826,3032996,3066115,3131419,3196050,3270796,3345239,3424253,3495331,3535818,3611067,3685186,3771380,3868668,3968332,4041785,4079774,4161913,4345857,4461283,4569777,4651716,4708134,4800301,4895087,4991916,5080279,5170513,5242290,5293380,5372992,5467558,5563298,5672164,5776781,5855519,5912678,6000594,6087168,6174851,6276416,6365033,6403240,6403240,6495919,6588555,6690804,6785409,6858691,6931977,6986508,7043681,7103369,7156323,7225009,7294378,7346310,7372714,7415002,7488346,7553356,7643514,7694252,7729369,7753685,7795251,7849273,7907862,7965407,8014898,8014898,8067293,8081349,8111038,8146584,8185775,8282496,8317896,8338103
22,Michigan,9986857.0,,10.0,352.0,1097.0,2847.0,9781.0,12430.0,13321.0,26737.0,37660.0,52309.0,54040.0,54162.0,57227.0,58997.0,74140.0,86626.0,106744.0,113167.0,114178.0,118726.0,128390.0,140245.0,152511.0,174749.0,195240.0,195240.0,195240.0,233085.0,296588.0,332139.0,368844.0,405992.0,405992.0,405992.0,487959.0,487959.0,512906.0,552713.0,598127.0,642111.0,642111.0,642111.0,730453.0,760066.0,802106.0,854084.0,909038.0,909038.0,909038.0,1001873.0,1028286.0,1076545.0,1127787.0,1186630.0,1193181.0,1251940.0,1292572.0,1339129.0,1391159.0,1446322.0,1517959.0,1537856.0,1604973.0,1634609.0,1657215.0,1699504.0,1740608.0,1833886.0,1884038.0,1933648.0,1985511.0,1985511.0,2044496.0,2103114.0,2165950.0,2245696.0,2318415,2357259,2389534,2423899,2476796,2555112,2637353,2765577,2765577,2787289,2831319,2899309,2983009,3166094,3166094,3170085,3245598,3310710,3396328,3484418,3589255,3681378,3747788,3776838,3841144,3914742,4006900,4114426,4214787,4295979,4329057,4419793,4514072,4619345,4749818,4848250,4912079,4937557,5013346,5223390,5372960,5496030,5585259,5620259,5697977,5805782,5921344,6045853,6158414,6202312,6234096,6330276,6440845,6554194,6662538,6769798,6832809,6859562,6948146,7023900,7118239,7216189,7281555,7312923,7312923,7373940,7449790,7536559,7612067,7688179,7735604,7773743,7817715,7875785,7933809,8005256,8073206,8113368,8137664,8183944,8246377,8305925,8384059,8439354,8474785,8489240,8489495,8570263,8611623,8652493,8687279,8687279,8714009,8720932,8742979,8773775,8774074,8811858,8848018,8886592
23,Minnesota,5639632.0,,,,,,,,,,2999.0,2999.0,2999.0,2999.0,2999.0,2999.0,38014.0,44638.0,44638.0,44638.0,57017.0,57017.0,78402.0,80857.0,81167.0,91174.0,104226.0,119744.0,132280.0,147645.0,152849.0,155800.0,169416.0,187074.0,206559.0,221183.0,232952.0,232952.0,238935.0,239910.0,246364.0,264275.0,289846.0,311600.0,335477.0,353113.0,375934.0,407063.0,444164.0,488360.0,531048.0,559383.0,565603.0,582395.0,634453.0,637015.0,703366.0,729088.0,745290.0,745290.0,753019.0,777459.0,808827.0,852002.0,889831.0,914984.0,927384.0,943251.0,975626.0,1059617.0,1097316.0,1136840.0,1170259.0,1170259.0,1189101.0,1218799.0,1261762.0,1322288.0,1393985,1429631,1443875,1477533,1512877,1562547,1627997,1725656,1725656,1746992,1771967,1823592,1874674,2000939,2000939,2037382,2046151,2080648,2119439,2180483,2244149,2306429,2340900,2353672,2380640,2417606,2479001,2557970,2632176,2665779,2702080,2751928,2800651,2867187,2955945,3028798,3073562,3084723,3135211,3260958,3312268,3402218,3496194,3521437,3543372,3597769,3662022,3712223,3787015,3787907,3850054,3888651,3939904,4005624,4038574,4118735,4189925,4204905,4248287,4293491,4354128,4421310,4475535,4497797,4497797,4535336,4576900,4577431,4675303,4721950,4753424,4775142,4807371,4847982,4887255,4934166,4983777,5010207,5025463,5056044,5102426,5147830,5209667,5245072,5270049,5280207,5299096,5331457,5360493,5387405,5410215,5410215,5426087,5429911,5443328,5461633,5483175,5504994,5524077,5532229
24,Mississippi,2976149.0,,,,,,,,,,,,,13196.0,13196.0,13196.0,13196.0,20033.0,20033.0,20033.0,20033.0,20033.0,23511.0,25324.0,30691.0,30691.0,41541.0,49591.0,54714.0,55399.0,62744.0,73391.0,85829.0,96629.0,109354.0,109354.0,114947.0,114947.0,123702.0,138676.0,152374.0,165875.0,179792.0,179792.0,184398.0,193429.0,204910.0,216538.0,226209.0,240293.0,242935.0,243890.0,254594.0,270205.0,280838.0,305192.0,327163.0,327163.0,334000.0,350348.0,370489.0,392391.0,414181.0,436520.0,442874.0,442874.0,447312.0,447312.0,454926.0,474304.0,481424.0,491117.0,505655.0,505980.0,525462.0,547707.0,573123.0,598685.0,619251,637116,646440,666502,690874,719333,749518,776272,776272,787408,810535,837097,871002,903271,906036,906036,922492,922492,953185,978476,1002681,1008342,1011253,1082955,1109268,1138227,1159071,1186221,1227284,1208798,1230065,1259616,1290708,1299738,1346090,1352799,1356914,1376422,1402612,1418931,1444579,1451759,1456187,1477880,1495833,1516049,1532912,1554427,1558394,1561626,1575798,1593062,1608661,1623160,1623160,1623160,1646337,1655436,1669274,1682494,1694332,1694332,1694332,1709367,1709367,1728258,1738273,1747552,1747552,1747552,1768085,1774623,1780904,1787402,1794566,1794566,1794566,1808373,1813460,1821475,1827938,1839798,1839798,1839798,1852529,1858176,1863949,1870594,1876692,1876692,1876692,1886797,1888971,1892054,1898237,1904253,1904253,1904253,1904253,1920573
25,Missouri,6137428.0,,,,,,,,,23000.0,23000.0,23000.0,23000.0,23000.0,23000.0,23000.0,66000.0,66000.0,66000.0,66000.0,66000.0,66000.0,66000.0,66000.0,66000.0,66000.0,66000.0,66000.0,66000.0,66000.0,66000.0,66000.0,182000.0,182000.0,182000.0,182000.0,182000.0,182000.0,236254.0,244476.0,265382.0,285697.0,291723.0,317737.0,335695.0,340273.0,400436.0,423839.0,493021.0,493021.0,511657.0,515850.0,553095.0,584260.0,584260.0,632213.0,683049.0,690072.0,693468.0,716038.0,741108.0,764378.0,801456.0,843740.0,866875.0,873686.0,886800.0,910338.0,939810.0,1014248.0,1042872.0,1083721.0,1110913.0,1110913.0,1137233.0,1167787.0,1213449.0,1278087.0,1279404,1375027,1384067,1415806,1458439,1504236,1552157,1633864,1633864,1647096,1685362,1724580,1759789,1867231,1867231,1897083,1907859,1939762,1989274,2033873,2087816,2143727,2174546,2192811,2229686,2276318,2333919,2371541,2430704,2464910,2481467,2578247,2578247,2717993,2763922,2807214,2853511,2861032,2904295,3020648,3083405,3146868,3196092,3242310,3263224,3310684,3366674,3436756,3508767,3536035,3545080,3588783,3639625,3690346,3729759,3805156,3858945,3874578,3906752,3947226,3985417,4019723,4062200,4085582,4085582,4118674,4152250,4181588,4215354,4243742,4286786,4300932,4326127,4348456,4366210,4384335,4421909,4452067,4460584,4478896,4501899,4526183,4556699,4572684,4592083,4598534,4609459,4626406,4642088,4657459,4671951,4671951,4684402,4689451,4700811,4713270,4713467,4742062,4755797,4763929
26,Montana,1068778.0,,,,,3000.0,3000.0,3000.0,3000.0,3000.0,3000.0,3000.0,3000.0,3000.0,3000.0,3000.0,3000.0,16990.0,16990.0,16990.0,16990.0,16990.0,16990.0,16990.0,16990.0,23000.0,23000.0,23000.0,23000.0,33000.0,33000.0,33000.0,42000.0,42000.0,42000.0,42000.0,42000.0,55000.0,55893.0,57220.0,60389.0,66348.0,72544.0,76590.0,77739.0,81157.0,86197.0,92567.0,99248.0,104501.0,106121.0,107300.0,110351.0,116119.0,122503.0,130839.0,137717.0,139221.0,140070.0,144271.0,149263.0,157618.0,167276.0,176719.0,180193.0,181572.0,184483.0,189971.0,197886.0,221225.0,228890.0,237099.0,243015.0,243015.0,246626.0,252295.0,260990.0,271075.0,281422,284679,286163,291572,301007,312296,324102,341554,341554,343597,349631,359446,370463,395770,395770,398858,401716,406867,414258,422946,433315,443030,447675,447693,455003,463857,475058,487221,499029,502390,504919,522897,534273,545186,557322,569766,573480,575293,584386,609984,622560,635147,639104,641916,643288,655446,666324,677644,678296,691035,692839,697964,705683,714287,724221,732282,734717,735987,741564,750384,758111,766688,772832,774095,774095,777944,783615,788740,793803,799489,801733,803109,805538,809959,814652,820430,825322,825322,828344,831352,836084,841159,846217,846462,852005,852630,854905,858711,862105,864820,867122,867122,868449,868824,869006,869261,869533,879235,879383,893704
27,Nebraska,1934408.0,,,1746.0,1746.0,1746.0,1746.0,1746.0,8958.0,8958.0,8958.0,8958.0,8958.0,8958.0,8958.0,21419.0,24129.0,27455.0,30492.0,34029.0,35610.0,36358.0,36719.0,39686.0,53418.0,60170.0,67983.0,73842.0,76882.0,78074.0,83317.0,88528.0,94790.0,99101.0,104116.0,106203.0,106940.0,106940.0,109526.0,115080.0,121681.0,127296.0,135995.0,137249.0,138344.0,142827.0,153231.0,161548.0,170429.0,180842.0,184045.0,185536.0,198194.0,198194.0,221342.0,229719.0,232896.0,234132.0,239832.0,239832.0,258562.0,272495.0,272495.0,287551.0,289118.0,293362.0,303463.0,303463.0,322254.0,347754.0,360582.0,372655.0,392756.0,392756.0,405896.0,422419.0,442310.0,443974.0,474439,476315,484888,497106,513497,535213,536126,573413,573413,594293,607373,629765,653385,666417,666417,684831,697176,712099,731885,754880,755802,775509,797409,804643,818325,836012,857343,858106,881787,900049,916701,940837,966534,991673,992251,1009786,1024342,1036053,1055469,1107623,1108135,1130671,1145421,1185844,1208422,1228445,1256055,1258010,1267986,1280204,1297175,1307408,1330661,1339495,1347769,1365758,1380706,1380708,1399434,1412743,1417252,1426529,1439421,1463240,1463240,1472064,1484377,1499291,1512386,1536579,1556413,1567674,1567761,1576707,1584643,1584872,1585004,1610007,1614694,1614803,1627572,1634976,1650062,1657529,1657535,1665330,1665381,1678518,1678709,1694284,1694342,1694342,1705003,1706314,1706401,1715953,1716051,1722639,1722679,1736034
28,Nevada,3080156.0,,,,,,,,,,,,,,,,,,,,,,,,,,,,,,,,,,,,,,102840.0,107133.0,115991.0,126458.0,137031.0,152203.0,159869.0,164362.0,174367.0,194942.0,210185.0,224192.0,241078.0,248754.0,253174.0,288531.0,291601.0,304323.0,322252.0,334073.0,346685.0,351531.0,375402.0,379077.0,394172.0,411057.0,428423.0,428423.0,446800.0,464037.0,466981.0,522332.0,555742.0,569810.0,598423.0,598423.0,606821.0,622189.0,642562.0,665577.0,685692,715121,723182,733953,750160,773285,800030,855890,855890,864967,878645,904504,930754,989342,989342,1013805,1020137,1034347,1062287,1086559,1116221,1145354,1164939,1170434,1185896,1214518,1243965,1274357,1303006,1328018,1335002,1348526,1374197,1399135,1431817,1462114,1482433,1487176,1505143,1576189,1615552,1652963,1684035,1692135,1709620,1744896,1774080,1803308,1834497,1856362,1863377,1879451,1901548,1922250,1943150,1966545,1985316,1991775,2005102,2026997,2051105,2075542,2097373,2108787,2108787,2122615,2146595,2167439,2186639,2209675,2227825,2236935,2248770,2264766,2277475,2314424,2333621,2343297,2349915,2359830,2374041,2392968,2413573,2427644,2438877,2443724,2452084,2465315,2478269,2490170,2501619,2501619,2514286,2518129,2525610,2535207,2535482,2545697,2566097,2571731
29,New Hampshire,1359711.0,,,,,,,,,,,,,,,,,,,,,,,,,,,,,,,,,,,,,,71556.0,75418.0,80639.0,85595.0,89816.0,93338.0,94623.0,97002.0,103080.0,110451.0,117408.0,123740.0,128313.0,130515.0,135799.0,138271.0,145086.0,153145.0,161178.0,165887.0,166603.0,168727.0,176192.0,184103.0,191114.0,200675.0,208541.0,208541.0,216649.0,218316.0,226863.0,241386.0,250296.0,260809.0,274267.0,274267.0,282235.0,291248.0,299874.0,310769.0,321602,324806,330538,339484,349825,358497,371111,385485,393931,393931,405366,418658,431296,460696,460696,465226,471480,478758,489626,500911,514422,529948,537577,545500,554889,566168,574612,586018,598445,602562,644059,662036,707655,721042,764940,774277,796674,800922,829371,889074,922666,958018,978713,996633,1008027,1050144,1075608,1088613,1099300,1102415,1108521,1113989,1117327,1120433,1123788,1127251,1129881,1132331,1134878,1138304,1142049,1147521,1151253,1153848,1153848,1159614,1159614,1141718,1144819,1148596,1151245,1152483,1156401,1201567,1204745,1208010,1211530,1214150,1217534,1272048,1276034,1332600,1335848,1339646,1345676,1347969,1350309,1375987,1384838,1384917,1384922,1384922,1399503,1406869,1407303,1413342,1419599,1419997,1429285,1451012
30,New Jersey,8882190.0,,,,,2149.0,2149.0,2149.0,2149.0,2149.0,2149.0,36500.0,36500.0,36500.0,36500.0,36500.0,36500.0,62901.0,72657.0,72657.0,72657.0,72657.0,101417.0,101417.0,101417.0,101417.0,101417.0,101417.0,101417.0,175157.0,243734.0,277118.0,287840.0,310595.0,336187.0,348414.0,366010.0,366010.0,407064.0,437064.0,475704.0,510099.0,524865.0,551209.0,584148.0,627677.0,664563.0,680601.0,742007.0,761283.0,785588.0,796075.0,837225.0,876529.0,905538.0,925579.0,1041289.0,1074805.0,1094886.0,1114392.0,1166824.0,1221575.0,1274438.0,1309703.0,1349327.0,1372931.0,1470941.0,1501767.0,1559569.0,1605744.0,1648599.0,1689031.0,1759059.0,1759059.0,1803596.0,1866998.0,1943116.0,2065666.0,2096498,2096498,2187330,2249861,2325257,2403077,2478696,2571874,2571874,2639438,2714949,2834934,2916801,3065373,3065373,3112960,3174729,3254946,3346883,3431096,3514899,3581686,3635504,3636384,3781744,3869393,3958836,4053945,4142916,4204062,4292515,4381035,4523995,4655258,4766910,4855447,4909547,4979819,5094041,5351413,5495689,5590502,5673369,5769561,5874832,5978301,6076066,6188717,6269398,6340637,6415408,6510179,6605809,6720403,6826763,6908470,6974357,7052362,7133352,7217144,7302231,7381197,7430120,7468871,7518475,7600716,7677602,7773775,7858549,7934175,7999599,8043316,8103394,8156536,8218240,8300824,8358727,8395059,8431873,8508720,8576106,8666138,8724828,8774427,8803139,8841278,8890965,8944596,8988961,9045800,9083396,9083396,9120351,9150101,9195623,9237904,9238253,9286153,9335740,9389685
31,New Mexico,2096829.0,,,,,,,,,,,,,,,,,,,,,,,,,,,,,,,,,,,,,137531.0,143048.0,152465.0,162995.0,185923.0,185923.0,203830.0,209580.0,216913.0,225496.0,239015.0,248183.0,263568.0,274497.0,277141.0,284157.0,291742.0,306389.0,319832.0,327279.0,340047.0,342786.0,346064.0,365297.0,383842.0,394720.0,399911.0,419882.0,437903.0,443359.0,450299.0,465715.0,562580.0,578916.0,595951.0,612496.0,612496.0,618666.0,634845.0,657118.0,678087.0,705538,711612,721489,735930,743904,765965,801111,833881,833881,839018,840633,867690,895586,942171,942171,952566,970496,983709,1004050,1031202,1060171,1085158,1098197,1101603,1111612,1135178,1162064,1191220,1224826,1239316,1242292,1258002,1281047,1312410,1342108,1365434,1374022,1377054,1384192,1448347,1477908,1502885,1514221,1517182,1530389,1551199,1578058,1606321,1627241,1640167,1643816,1656039,1674797,1699936,1722116,1739923,1746428,1749402,1759830,1774298,1794170,1817141,1835230,1850384,1850384,1860755,1877127,1894768,1915224,1927317,1938516,1941227,1948245,1970066,1982001,1997526,2007997,2019397,2022852,2031893,2044921,2057890,2065425,2086616,2093445,2095246,2106426,2115055,2131987,2141188,2149277,2149277,2153155,2154695,2160226,2167318,2168255,1990304,2183505,2189470
32,New York,19453561.0,,,,,,,,38000.0,50000.0,89000.0,89000.0,89000.0,89000.0,89000.0,140000.0,140000.0,200000.0,200000.0,200000.0,200000.0,200000.0,200000.0,200000.0,200000.0,200000.0,200000.0,200000.0,200000.0,200000.0,200000.0,645037.0,645037.0,645037.0,645037.0,645037.0,645037.0,645037.0,919870.0,1000774.0,1084531.0,1149218.0,1220148.0,1283999.0,1324420.0,1376979.0,1433229.0,1433229.0,1790289.0,1855855.0,1920095.0,1960602.0,1995321.0,2042199.0,2122733.0,2231292.0,2342608.0,2421029.0,2513387.0,2589634.0,2658312.0,2766849.0,2898906.0,3023056.0,3127163.0,3207614.0,3272965.0,3362077.0,3451284.0,3543102.0,3625959.0,3707178.0,3772702.0,3821311.0,3985558.0,3985558.0,4170422.0,4327468.0,4463679,4583616,4698345,4819412,4959235,5143219,5342262,5640706,5640706,5797480,5941072,6086018,6264136,6577070,6577070,6699848,6834384,7003834,7150352,7305768,7494596,7633805,7737230,7875044,8029749,8231872,8471160,8690714,8885551,9056970,9229098,9421951,9655705,9925232,10281033,10519517,10640003,10761342,11027009,11519440,11811282,12062900,12242726,12437468,12633362,12843875,13064837,13277087,13531789,13676604,13829745,14003973,14171716,14374751,14571048,14732987,14856419,14982362,15161999,15410701,15636609,15858599,15980527,16064851,16064851,16353467,16552492,16701431,16866619,17034051,17168705,17273238,17394951,17507860,17632107,17789972,17928006,18012199,18093878,18247671,18395906,18589563,18712921,18851714,18941008,19022539,19137319,19238158,19347252,19479050,19605540,19605540,19707378,19761096,19800697,19876849,19968418,20014885,20148417,20230340
33,North Carolina,10488084.0,,,,,,,,,24500.0,24500.0,24500.0,24500.0,24500.0,24500.0,63571.0,63571.0,63571.0,63571.0,63571.0,63571.0,63571.0,63571.0,110260.0,110260.0,110260.0,161017.0,161017.0,161017.0,161017.0,219173.0,219173.0,219173.0,282615.0,282615.0,282615.0,282615.0,282615.0,404529.0,404529.0,573130.0,573130.0,573130.0,573130.0,573130.0,812586.0,812586.0,914217.0,914217.0,914217.0,914217.0,1061308.0,1099218.0,1142903.0,1195369.0,1259124.0,1259124.0,1259124.0,1390947.0,1436745.0,1486544.0,1554378.0,1631488.0,1631488.0,1631488.0,1780687.0,1835001.0,1882628.0,1939939.0,1977342.0,2008811.0,2068505.0,2118218.0,2138275.0,2180655.0,2246743.0,2320745.0,2366027.0,2467755,2525579,2545103,2606912,2661523,2720018,2760801,2881950,2881950,2909142,2994561,3070733,3165928,3414474,3414474,3480495,3564207,3630467,3724856,3813176,3903284,4002867,4064069,4092184,4209638,4304616,4419640,4456503,4549839,4654892,4713667,4778807,4913081,4913081,5008165,5057979,5210271,5275032,5388382,5624683,5624683,5640827,5872275,5965026,6057382,6164243,6270157,6270157,6270157,6466726,6517220,6594886,6711907,6775606,6775606,6775606,6878527,6967577,7017344,7100837,7167631,7167631,7168548,7300216,7300216,7391135,7456842,7515534,7515534,7515534,7619411,7648490,7685519,7728972,7775046,7775046,7775046,7864355,7885323,7953644,7989892,8030750,8030750,8030750,8111058,8145594,8179278,8208453,8241013,8241013,8241013,8241013,8296330,8307696,8345764,8365719,8365719,8365719,8435733,8457163
34,North Dakota,762062.0,,,,,,5662.0,5662.0,6865.0,8463.0,11903.0,12990.0,13017.0,13037.0,13048.0,14818.0,16876.0,20578.0,21951.0,22052.0,22241.0,22241.0,22241.0,22241.0,22241.0,22241.0,22241.0,22241.0,22241.0,41288.0,42790.0,45046.0,48950.0,52955.0,52955.0,52955.0,52955.0,52955.0,61094.0,63244.0,68560.0,74055.0,74055.0,74055.0,74641.0,81379.0,81568.0,85589.0,96291.0,96291.0,96291.0,105616.0,107522.0,111059.0,117184.0,126166.0,126166.0,126822.0,135530.0,137470.0,141267.0,147486.0,152467.0,152467.0,152467.0,162038.0,163792.0,166512.0,171413.0,182325.0,188496.0,194406.0,196576.0,196576.0,199813.0,203911.0,212625.0,225330.0,234209,238585,238848,241181,246289,255282,264133,275989,277845,277845,280757,286495,297605,317029,317029,321677,321693,325202,330516,340554,350706,357236,360501,360592,363148,369029,379564,390760,397822,401626,410932,413386,419484,433534,445669,449089,450780,452933,456435,474619,484807,491433,496230,496330,499005,504937,512370,519718,525541,527870,527930,530830,534462,540817,546923,551267,552616,552769,554274,557851,562151,565496,567228,567560,567560,569428,571481,575543,579625,581749,582564,582582,583379,586153,588562,591193,592919,593419,593472,594677,597686,599591,602639,604725,605366,605571,606692,608339,610196,612414,614245,614245,614568,614692,616200,617621,617712,619359,621050,621080
35,Ohio,11689100.0,50.0,787.0,2501.0,4235.0,7905.0,8087.0,8123.0,14256.0,22717.0,42228.0,50768.0,53769.0,61458.0,66025.0,86072.0,107140.0,140329.0,158372.0,158535.0,159706.0,162922.0,162942.0,175408.0,199801.0,221302.0,248600.0,275617.0,297013.0,304976.0,321506.0,338778.0,361603.0,388383.0,414062.0,435177.0,444524.0,444524.0,456131.0,482039.0,500176.0,535086.0,575003.0,607893.0,626867.0,656474.0,682705.0,716017.0,758651.0,788858.0,823839.0,853965.0,1082698.0,1125154.0,1174115.0,1239085.0,1290398.0,1342547.0,1369810.0,1402324.0,1454664.0,1535436.0,1607696.0,1686161.0,1753404.0,1788902.0,1818960.0,1852235.0,1908650.0,1999736.0,2066995.0,2140688.0,2228732.0,2228732.0,2288128.0,2351582.0,2413164.0,2501854.0,2599806,2660844,2723208,2790056,2850454,2918114,3027215,3203772,3203772,3255735,3316480,3398966,3535596,3741715,3741715,3819317,3862956,3945474,4052073,4169749,4296449,4379745,4447020,4515098,4611594,4740365,4881347,5010410,5102816,5168120,5230058,5335004,5482938,5646993,5783127,5866709,5910291,5997587,6123615,6444723,6611074,6720110,6766665,6866396,6981312,7102375,7246555,7358453,7435299,7485958,7485958,7667220,7791779,7905416,8012829,8081540,8129084,8129084,8261648,8373583,8468775,8537556,8571617,8586189,8586189,8698391,8790563,8864240,8941435,8983207,9051399,9106650,9150253,9208043,9255724,9321683,9356973,9383031,9426113,9480641,9536002,9615206,9666103,9702282,9718955,9762796,9810538,9849266,9888752,9930987,9951407,9963996,9974826,9998454,10030444,10069484,10113095,10143879,10164235,10197789
36,Oklahoma,3956971.0,,,,,2253.0,2253.0,2253.0,2253.0,2253.0,2253.0,2253.0,2253.0,29725.0,29725.0,29725.0,29725.0,29725.0,29725.0,29725.0,50330.0,50330.0,50330.0,50330.0,50330.0,50330.0,50330.0,50330.0,99373.0,99373.0,99373.0,99373.0,99373.0,197820.0,197820.0,197820.0,197820.0,197820.0,197820.0,197820.0,197820.0,278151.0,278151.0,278151.0,278151.0,278151.0,278151.0,278151.0,373279.0,373279.0,373279.0,373279.0,445675.0,462440.0,484384.0,510693.0,541252.0,573746.0,586054.0,588207.0,606406.0,628361.0,640353.0,660835.0,682354.0,682354.0,694616.0,696437.0,700440.0,813518.0,830903.0,865961.0,906583.0,906583.0,935457.0,967522.0,1006064.0,1046995.0,1095362,1119049,1124662,1147833,1181414,1213040,1246152,1300639,1300639,1307274,1334818,1364914,1398278,1465197,1465197,1483295,1488390,1519597,1551665,1585046,1616226,1652639,1674556,1682725,1717541,1753658,1790349,1827618,1869610,1888004,1895546,1930169,1975056,2021155,2069319,2107328,2122756,2128826,2163825,2235462,2273840,2312369,2330078,2347654,2356622,2385570,2415619,2444413,2474956,2500302,2506422,2525644,2546118,2564987,2592766,2616439,2627397,2632963,2649839,2666794,2681258,2699387,2715800,2721002,2721002,2736824,2750458,2762753,2774257,2786611,2792368,2796112,2804450,2815020,2825320,2837491,2850488,2855457,2858862,2866988,2879476,2890367,2902594,2911692,2915074,2917277,2923924,2931855,2940049,2947088,2954480,2954480,2960989,2962779,2968699,2975700,2978186,2986346,2995538,2998090
37,Oregon,4217737.0,,,,254.0,688.0,2423.0,3502.0,4630.0,8584.0,12486.0,16945.0,18409.0,18420.0,20271.0,21616.0,27876.0,34714.0,41985.0,46499.0,47008.0,48725.0,51275.0,55239.0,61664.0,66923.0,74914.0,88362.0,97010.0,97010.0,115060.0,129781.0,129781.0,146137.0,189189.0,204973.0,216924.0,216924.0,225065.0,238759.0,253710.0,270452.0,285906.0,300660.0,308050.0,325472.0,340359.0,359369.0,382368.0,407865.0,423604.0,438277.0,454244.0,471686.0,486856.0,509578.0,532449.0,554143.0,572398.0,588738.0,604212.0,623907.0,649600.0,669986.0,677192.0,683885.0,691452.0,707241.0,729821.0,767637.0,794779.0,821720.0,864960.0,864960.0,865750.0,889531.0,927860.0,960674.0,994403,1024055,1038342,1050060,1073041,1097974,1137864,1199682,1221981,1221981,1238835,1239800,1271685,1366471,1366471,1387803,1412282,1414113,1433105,1483419,1523965,1560983,1584449,1606844,1626721,1657083,1694736,1737553,1772914,1802561,1821492,1854126,1893672,1941147,1988473,2034002,2066694,2089274,2123427,2211938,2266230,2321846,2356196,2384336,2415448,2455797,2501531,2549615,2595396,2628195,2653785,2680641,2681488,2770216,2819970,2874447,2908484,2936291,2965257,3007184,3047017,3047459,3137471,3160032,3160032,3207617,3239343,3275954,3331075,3395077,3432832,3461500,3496421,3525900,3556202,3593690,3635946,3659139,3683177,3710168,3735151,3772596,3820887,3858089,3887628,3908827,3935023,3962890,3992703,4023817,4055225,4055225,4083414,4087801,4102583,4123145,4148510,4176332,4176432,4214370
38,Pennsylvania,12801989.0,,,,,,,,26563.0,26563.0,26563.0,41444.0,57602.0,67809.0,71305.0,74388.0,82790.0,102934.0,120821.0,128769.0,129090.0,132612.0,135044.0,144863.0,159216.0,178843.0,199618.0,223025.0,246404.0,285671.0,311477.0,342588.0,373529.0,407217.0,427713.0,447819.0,457347.0,457347.0,477929.0,516746.0,543329.0,585691.0,626532.0,660201.0,680219.0,737817.0,770965.0,837817.0,893256.0,941412.0,987031.0,1008025.0,1155945.0,1158091.0,1218735.0,1271529.0,1338491.0,1407839.0,1441358.0,1478180.0,1538058.0,1594474.0,1668862.0,1678229.0,1822327.0,1822327.0,1832629.0,1950185.0,2002786.0,2184973.0,2231800.0,2306828.0,2381079.0,2381079.0,2425429.0,2489919.0,2562627.0,2676006.0,2751844,2835338,2886451,2948581,3036398,3169691,3298800,3335592,3335592,3524263,3638014,3737143,3759104,4191298,4191298,4283453,4340831,4491125,4591687,4612975,4637450,4639971,4748613,5150999,5290020,5325139,5516639,5670930,5795550,5893502,5947782,6056762,6201769,6384592,6551136,6670089,6756869,6802632,6819136,6920672,7457814,7559762,7687290,7811291,7936989,8084439,8249758,8391487,8517810,8591616,8690848,8871360,9007319,9239553,9430907,9527786,9613437,9696649,9800202,9931324,10051650,10238628,10297139,10367062,10367062,10531067,10644951,10758543,10877689,10952811,11005196,11106182,11178395,11288966,11362846,11456614,11557842,11612451,11675948,11788830,11872222,11975701,12070286,12131356,12177301,12218849,12290530,12369985,12440155,12521140,12571563,12571563,12614213,12648220,12677443,12805618,12874233,12875076,12922194,13007203
39,Rhode Island,1059361.0,,,,,1226.0,1226.0,1226.0,4827.0,6400.0,7072.0,7072.0,7072.0,7072.0,7072.0,11935.0,12869.0,17020.0,17020.0,17020.0,17020.0,17020.0,24266.0,26563.0,28609.0,29706.0,31541.0,31541.0,31541.0,35649.0,42723.0,45643.0,48118.0,51220.0,51220.0,51220.0,51220.0,51220.0,57866.0,60893.0,63152.0,66070.0,66070.0,66070.0,73994.0,78191.0,82303.0,86315.0,89761.0,89761.0,100474.0,102384.0,105051.0,108924.0,113656.0,113656.0,113656.0,122747.0,125208.0,127857.0,133844.0,137945.0,137945.0,137945.0,148335.0,151170.0,165488.0,173634.0,173634.0,183814.0,199449.0,199449.0,211660.0,211660.0,218499.0,226694.0,236186.0,246055.0,259344,269512,275799,282767,290963,300529,310283,326730,326730,333607,340997,350979,359501,382782,382782,388420,396843,405224,418819,434596,449583,463229,471800,480045,490191,499844,510362,520226,535172,543864,552753,560478,576750,592579,609683,626014,631530,641275,653811,667244,680525,696609,709383,727371,733129,742268,755476,764641,776082,787717,801289,807630,818872,828821,844870,859098,872064,886081,893081,898947,913120,925022,934703,940661,940661,951345,972083,979267,979267,988104,996123,1010169,1024027,1038857,1052196,1052196,1063244,1081823,1089649,1089649,1105514,1113689,1115126,1121895,1128848,1132664,1140005,1145922,1152399,1154089,1159456,1159456,1164590,1168878,1172799,1179036,1181278,1181302,1191694,1195199
40,South Carolina,5148714.0,,,,,,,,,,,,,,,,,35158.0,39100.0,39100.0,39100.0,39100.0,39100.0,39100.0,39100.0,39100.0,78562.0,91689.0,99358.0,105856.0,114970.0,121819.0,137712.0,146219.0,154995.0,158232.0,163800.0,163800.0,172975.0,190191.0,211789.0,241888.0,267884.0,277258.0,281277.0,297453.0,328801.0,362786.0,371894.0,399830.0,418670.0,420964.0,470696.0,479202.0,497433.0,518892.0,542879.0,568917.0,585692.0,585692.0,608062.0,628496.0,649375.0,674843.0,704186.0,704186.0,738476.0,755422.0,778113.0,848054.0,879776.0,910669.0,941136.0,941136.0,973703.0,997874.0,1025316.0,1057969.0,1086550,1116811,1123049,1150199,1202753,1232377,1284575,1380510,1380510,1397362,1423016,1461672,1493376,1583500,1583500,1618854,1627125,1649023,1686210,1723604,1745511,1793297,1834965,1848117,1889498,1926363,1969766,2017582,2066478,2109171,2124443,2150462,2191473,2243230,2244467,2305396,2328710,2341969,2381960,2539519,2591420,2653698,2694436,2707762,2734788,2775374,2819681,2866181,2908640,2947704,2963058,2984448,2985791,3021647,3058387,3094536,3111127,3163207,3182970,3208817,3241756,3273403,3299001,3315003,3315003,3329233,3357973,3389673,3413651,3439210,3464060,3477773,3490475,3507825,3522953,3543196,3565555,3580076,3589981,3598024,3619220,3637768,3663402,3678948,3691855,3697011,3705827,3723594,3738189,3752709,3766415,3766415,3780756,3786610,3794396,3825550,3840830,3853999,3865761,3877911
41,South Dakota,884659.0,,,,1515.0,1515.0,6198.0,6311.0,7516.0,7844.0,8398.0,9770.0,12910.0,13710.0,14799.0,15830.0,18960.0,18483.0,21144.0,21144.0,26409.0,26870.0,26913.0,28581.0,31267.0,33389.0,36890.0,40284.0,44073.0,48225.0,48698.0,50712.0,54284.0,57103.0,55531.0,56625.0,57121.0,61113.0,62518.0,65377.0,70643.0,77200.0,80441.0,82512.0,82823.0,86986.0,91776.0,97231.0,102847.0,105961.0,107685.0,108004.0,110967.0,115676.0,121593.0,127592.0,131439.0,133068.0,133231.0,136438.0,141733.0,148670.0,155026.0,160223.0,160223.0,162885.0,165865.0,171175.0,218198.0,225848.0,232725.0,235964.0,237230.0,242710.0,250216.0,259553.0,269289.0,278285.0,282075,282575,287657,294765,304382,314577,322959,326272,326763,332059,339564,349016,360667,373065,378505,379911,384987,392994,403411,414458,424806,428076,429022,436290,445142,457075,471664,482516,488046,489525,496601,505081,515412,529897,539915,543431,544206,550434,560263,571138,584224,594431,597911,599012,603930,611743,619857,627721,635646,638869,639799,643744,650608,660751,669294,676863,680026,680866,685056,691904,699187,710757,711253,711479,711479,716196,720317,724482,731351,731988,732173,735066,736482,739400,742206,748761,749370,749677,751812,753577,756721,759073,764345,764751,764960,766736,768274,770321,772577,774765,775974,775974,776228,777353,778977,780255,780713,783656,784498,785910
42,Tennessee,6829174.0,,,223.0,1663.0,9517.0,15766.0,19889.0,26271.0,33398.0,48692.0,58758.0,63445.0,64161.0,68702.0,70171.0,79282.0,79282.0,79282.0,126887.0,126887.0,126887.0,126887.0,169070.0,169070.0,169070.0,215427.0,215427.0,215427.0,215427.0,287243.0,287243.0,287243.0,349216.0,349216.0,349216.0,349216.0,349216.0,396100.0,396100.0,396100.0,470660.0,470660.0,470660.0,523064.0,542121.0,567594.0,621270.0,655234.0,690734.0,706187.0,718681.0,743224.0,774850.0,809138.0,844728.0,874281.0,885458.0,900580.0,876342.0,913937.0,940403.0,975808.0,1005707.0,1020841.0,1026918.0,1036123.0,1054418.0,1068979.0,1085182.0,1099230.0,1117120.0,1139836.0,1165626.0,1200616.0,1245604.0,1304609.0,1347871.0,1368885,1394659,1435667,1481175,1520775,1567864,1605795,1659254,1659254,1690179,1743392,1795720,1855283,1921346,1921346,1952377,2008277,2050654,2090110,2141906,2141906,2198555,2252222,2302723,2372825,2438738,2489289,2554391,2554391,2624544,2681005,2756985,2829612,2829612,2863871,2905011,2996515,3045344,3112768,3122632,3189476,3255070,3290405,3353130,3418601,3471877,3534023,3534023,3562769,3630830,3666873,3726966,3778718,3830275,3830275,3855241,3909930,3947826,3991042,4032203,4075619,4075619,4095246,4131976,4131976,4235857,4288322,4321739,4321739,4346845,4395108,4422965,4447581,4488573,4538567,4538567,4572341,4612461,4641234,4664540,4696455,4722126,4722126,4733574,4761345,4782165,4800806,4800806,4833541,4833541,4843465,4843465,4869338,4880407,4894115,4912647,4912647,4912647,4951577,4967205
43,Texas,28995881.0,,,,,4187.0,4187.0,26007.0,42248.0,60631.0,83967.0,113514.0,126411.0,131748.0,139747.0,146988.0,163700.0,205463.0,282515.0,340415.0,365455.0,377050.0,414211.0,439502.0,482045.0,541512.0,614086.0,700559.0,752324.0,802503.0,862793.0,929219.0,1021511.0,1111966.0,1200755.0,1276808.0,1307663.0,1307663.0,1358676.0,1500288.0,1500288.0,1600794.0,1678517.0,1713980.0,1754569.0,1868596.0,1923503.0,2056962.0,2170149.0,2290936.0,2359323.0,2446600.0,2525104.0,2652896.0,2805359.0,2930767.0,3107936.0,3246638.0,3322062.0,3436180.0,3568618.0,3708460.0,3873581.0,4007986.0,4133747.0,4155797.0,4256383.0,4312301.0,4333726.0,4542622.0,4614697.0,4673868.0,4800286.0,4800286.0,4923960.0,5107257.0,5273077.0,5394961.0,5566612,5572496,5956629,6191550,6379094,6591175,6829275,7071506,7071506,7299866,7529655,7730664,8005490,8421946,8421946,8547673,8660886,8850377,9055037,9237352,9428516,9611867,9734465,9845182,9841589,10133617,10420919,10700661,10941968,11130215,11357324,11604088,11950969,12318117,12565129,12808243,13065244,13297711,13533392,14219706,14685955,14959669,15151731,15343387,15610120,15897950,16167944,16419173,16539082,16745114,16870701,17065670,17307611,17543688,17782171,17979089,18093739,18218563,18395582,18622188,18885671,19090255,19205116,19276649,19276649,19519836,19690275,19884729,20060525,20215285,20304544,20403618,20533264,20671478,20816039,20981555,21179788,21334970,21430921,21585931,21719251,21926464,22041180,22175490,22260158,22360193,22486269,22593372,22725688,22847875,22942135,22942135,23042424,23095348,23178516,23293586,23383001,23501684,23570625,23639670
44,Utah,3205958.0,,,,407.0,407.0,3648.0,6520.0,8518.0,11380.0,14822.0,14822.0,14822.0,16924.0,16992.0,17543.0,20417.0,23970.0,30200.0,30200.0,46374.0,47382.0,48575.0,55981.0,60462.0,68030.0,77228.0,87670.0,91799.0,93127.0,100632.0,116659.0,125926.0,136156.0,149697.0,157170.0,168908.0,168908.0,172603.0,181169.0,193777.0,207127.0,222275.0,228348.0,229575.0,237637.0,250448.0,267027.0,281797.0,300516.0,310692.0,311785.0,325457.0,345179.0,362701.0,382881.0,404085.0,413937.0,506629.0,510267.0,510267.0,510267.0,510267.0,512189.0,524000.0,525033.0,532985.0,551068.0,563608.0,584648.0,610074.0,610580.0,611910.0,623876.0,641881.0,662012.0,682536.0,702293.0,716536,721029,741297,759533,785671,820874,850982,867118,867118,892652,918506,958080,990601,1033125,1033125,1034894,1051973,1080232,1108053,1140231,1166862,1182227,1184825,1209387,1237861,1264893,1294946,1323163,1338384,1341674,1366285,1399371,1447314,1489761,1524221,1539524,1541973,1574029,1613280,1650850,1683737,1703065,1708002,1738003,1768246,1808824,1852460,1880269,1897531,1918236,1918236,1950894,1985296,2014815,2035354,2039298,2053317,2073225,2097937,2124832,2146777,2167644,2174205,2184859,2184859,2225385,2243163,2261285,2284307,2307037,2315869,2342020,2342203,2367479,2383036,2394234,2407851,2411343,2440835,2453456,2473783,2490885,2514226,2514415,2517521,2544537,2561890,2561967,2569456,2582400,2590715,2594156,2595912,2602355,2612068,2622898,2635472,2646455,2650067,2657168
45,Vermont,623989.0,,20.0,399.0,1160.0,2453.0,2835.0,3070.0,3716.0,4374.0,5307.0,7444.0,8057.0,8229.0,9139.0,9930.0,11157.0,11157.0,11157.0,11157.0,11157.0,11157.0,11157.0,17657.0,17657.0,17657.0,21352.0,21352.0,21352.0,21352.0,26575.0,29465.0,32359.0,34700.0,34700.0,34700.0,34700.0,34700.0,40670.0,42683.0,46292.0,51711.0,51711.0,51711.0,51711.0,55211.0,58686.0,61546.0,66979.0,66979.0,66979.0,66979.0,74514.0,76986.0,79826.0,82758.0,86935.0,87180.0,90328.0,93601.0,96635.0,99757.0,102427.0,106490.0,106787.0,106787.0,115658.0,117868.0,120781.0,127619.0,132112.0,137144.0,144085.0,144085.0,144970.0,147828.0,151538.0,156929.0,162558,168050,171557,173179,175767,179580,184327,198741,198741,203900,207110,212062,217495,231610,231610,239136,243777,247912,252439,262873,266120,274187,277420,283052,286766,293233,296682,303242,310003,316145,323388,328451,333676,341568,360030,360745,370232,376259,379673,400704,410891,416718,427958,441375,447009,456883,465933,475112,475112,482794,496506,502436,506652,515379,515788,525641,537515,548108,554809,561931,569228,579479,580936,589665,598705,604835,610256,615399,631483,632395,639833,650958,655342,661090,668005,676980,676980,683484,692838,698022,718890,726472,736306,736306,746636,755750,760512,766421,771927,777994,777994,777994,788346,789954,793082,799379,804475,804475,804475,813412
46,Virginia,8535519.0,,,,,,,,,19506.0,19943.0,31491.0,37712.0,38172.0,41660.0,44976.0,47052.0,54295.0,64882.0,75288.0,81770.0,87618.0,89326.0,104083.0,116247.0,139754.0,148909.0,167452.0,177945.0,189283.0,200402.0,216257.0,242530.0,268330.0,295202.0,316812.0,324965.0,324965.0,360051.0,360051.0,399317.0,443760.0,474979.0,522853.0,522853.0,569040.0,641873.0,697914.0,697914.0,758477.0,843230.0,873468.0,901213.0,922940.0,963953.0,1022150.0,1072748.0,1105102.0,1135639.0,1161590.0,1191875.0,1223199.0,1298573.0,1330305.0,1367319.0,1399221.0,1431501.0,1471242.0,1503786.0,1645485.0,1671217.0,1705294.0,1765927.0,1765927.0,1803505.0,1848774.0,1922788.0,2002734.0,2086194,2136926,2171427,2220648,2284452,2342449,2392680,2486429,2486429,2553714,2616782,2685399,2753938,2892286,2892286,2951945,2987320,3027633,3091883,3165336,3243652,3309153,3360330,3389780,3469776,3529449,3615169,3668360,3778349,3867013,3977862,4056991,4140842,4252753,4375147,4485753,4538309,4591413,4666333,4849229,4960277,5071677,5124981,5184004,5268328,5345259,5482281,5593318,5673591,5740358,5807003,5873177,5968173,6082952,6196880,6271814,6344228,6402272,6457715,6540658,6643728,6751219,6826662,6847737,6847737,6947022,7043683,7126510,7185843,7233201,7304153,7347888,7395989,7451290,7514150,7581907,7621636,7669683,7698417,7773639,7833818,7921806,7987791,8037945,8070591,8103252,8148295,8193249,8252742,8303622,8335508,8335508,8379306,8403979,8406035,8446018,8480493,8554280,8556621,8607811
47,Washington,7614893.0,,27.0,1600.0,4318.0,12195.0,17983.0,21855.0,28701.0,35160.0,43025.0,48427.0,48708.0,55108.0,59814.0,69099.0,81332.0,93311.0,102038.0,103460.0,111857.0,116741.0,125743.0,135780.0,148274.0,162516.0,179152.0,191152.0,198199.0,211073.0,224779.0,235744.0,235744.0,235744.0,235744.0,235744.0,235744.0,235744.0,294386.0,335836.0,335836.0,391195.0,391195.0,391195.0,500105.0,500105.0,545226.0,545226.0,616589.0,616589.0,616589.0,728636.0,741769.0,773346.0,797358.0,833935.0,867773.0,905118.0,942166.0,951204.0,1008946.0,1040044.0,1080510.0,1121779.0,1166471.0,1166471.0,1201284.0,1225920.0,1255764.0,1362197.0,1407229.0,1444507.0,1493572.0,1493572.0,1514416.0,1562425.0,1609190.0,1666839.0,1729208,1800030,1841160,1888198,1942877,2001032,2071467,2213284,2213284,2255182,2303420,2381471,2441777,2562529,2562529,2626048,2665688,2705839,2763105,2823446,2889480,2972560,3045597,3068976,3108315,3170650,3251437,3330877,3419568,3501641,3537203,3586736,3659886,3745391,3834378,3928519,4015071,4041494,4096497,4256546,4343950,4435641,4526964,4578156,4641399,4712952,4786678,4874563,4965443,5050192,5087896,5149883,5224178,5316416,5397121,5486098,5574043,5613491,5668118,5747171,5828363,5907522,5983715,6041337,6041337,6099153,6162034,6223705,6293784,6367124,6455671,6503438,6545096,6603947,6663876,6731255,6813377,6871734,6910257,6961512,7029358,7097045,7189440,7261656,7326811,7353683,7395185,7446412,7452579,7565664,7615957,7615957,7654073,7681161,7718703,7755360,7756152,7843092,7894847,7918905
48,West Virginia,1792147.0,,,,,1830.0,5450.0,5450.0,5450.0,5450.0,15914.0,26487.0,28623.0,28626.0,29675.0,30737.0,34474.0,44885.0,44885.0,49037.0,49807.0,51646.0,52221.0,56354.0,60933.0,66792.0,77156.0,88128.0,90645.0,105539.0,107245.0,117130.0,126457.0,146937.0,150897.0,153219.0,153692.0,156373.0,160199.0,169190.0,182460.0,182460.0,197220.0,206616.0,212875.0,217329.0,227058.0,242437.0,258958.0,262349.0,262880.0,266773.0,270250.0,278971.0,294059.0,317282.0,324439.0,325781.0,330217.0,335307.0,343519.0,354063.0,378774.0,389249.0,389249.0,391186.0,396348.0,398635.0,405839.0,440614.0,458087.0,463513.0,470643.0,470643.0,474477.0,485535.0,501913.0,526059.0,532295,534053,536534,541453,553449,583230,594118,602407,602407,606345,611113,626149,656270,684336,684336,686081,689649,695358,737730,737730,756418,763619,764903,769358,829300,829300,829300,846624,856921,857701,866037,874459,896388,930090,943140,946710,946918,952022,959003,1056510,1082248,1096466,1096787,1104774,1114670,1127861,1146914,1150742,1159846,1162079,1169417,1179328,1191114,1209768,1223131,1228859,1230919,1235598,1242647,1255597,1270519,1280213,1283020,1284646,1287187,1294506,1302220,1311329,1319358,1323420,1331345,1334740,1339044,1343561,1349636,1355611,1357727,1362661,1365617,1371844,1377796,1386598,1386598,1386598,1399373,1403258,1403258,1410861,1415751,1415751,1415751,1415751,1427698,1430298,1433752,1440015,1440015,1440015,1448970,1452111
49,Wisconsin,5822434.0,,,,,,,12097.0,17082.0,23015.0,32328.0,36005.0,36290.0,39036.0,40730.0,47157.0,47157.0,47157.0,47157.0,47157.0,47157.0,47157.0,47157.0,85609.0,85609.0,110207.0,123402.0,123402.0,123402.0,151518.0,163371.0,176165.0,195152.0,213056.0,213056.0,213056.0,239102.0,239102.0,248185.0,248185.0,285358.0,310256.0,310256.0,310256.0,345017.0,362505.0,389240.0,432102.0,476855.0,521762.0,544234.0,551963.0,578336.0,659025.0,659025.0,702090.0,740526.0,761212.0,767020.0,793474.0,822910.0,860389.0,901333.0,940205.0,965999.0,976049.0,996591.0,1023576.0,1070199.0,1159390.0,1188631.0,1230619.0,1259647.0,1259647.0,1282723.0,1314188.0,1359943.0,1421435.0,1470570,1500923,1521200,1553270,1596290,1656753,1721352,1804918,1812456,1812456,1839822,1881901,1944768,2072866,2072866,2107896,2130926,2160948,2210128,2271149,2343615,2422908,2462081,2480311,2516425,2576727,2654772,2736745,2808953,2853949,2870834,2905410,2969294,3049407,3140168,3208168,3250426,3259060,3294426,3461130,3558061,3652477,3710175,3726777,3759176,3807818,3890347,3982152,4061288,4128223,4145118,4178933,4240048,4328174,4394643,4457053,4490374,4502240,4533803,4580372,4644336,4700739,4741771,4761542,4761542,4786435,4830952,4874656,4917970,4961248,4993227,5005275,5023324,5052032,5084661,5121318,5158010,5177734,5185178,5203820,5233191,5267108,5309529,5340353,5360379,5368486,5384528,5405464,5428986,5453018,5472821,5472821,5485994,5489190,5501966,5517836,5517959,5563857,5579832,5587826
50,Wyoming,578759.0,,,,,,,,,1868.0,2865.0,2865.0,2865.0,2865.0,2865.0,3033.0,4832.0,5466.0,7472.0,7472.0,7829.0,7829.0,8383.0,8928.0,8928.0,9611.0,12996.0,13236.0,13236.0,13236.0,13236.0,18928.0,22266.0,25196.0,26423.0,26563.0,26563.0,26563.0,29170.0,33414.0,33414.0,35976.0,38191.0,38191.0,38191.0,40981.0,43992.0,46775.0,46775.0,46775.0,56831.0,56831.0,60317.0,60775.0,60775.0,67600.0,71858.0,71858.0,76457.0,76457.0,83554.0,92603.0,92603.0,95682.0,99099.0,99099.0,100186.0,101245.0,108535.0,124310.0,129060.0,129470.0,136163.0,136163.0,136366.0,141545.0,145577.0,151584.0,156397,156741,156912,162918,163194,166712,177496,185580,185580,185813,190180,190570,199232,211910,211910,212499,213969,214015,214050,220735,220993,221336,221452,235171,235424,242919,243336,243604,244038,261950,261963,262406,270226,270599,270862,286685,286966,288270,288586,289028,289340,310702,310765,314169,317111,317222,323397,323593,323699,323956,332765,332929,337560,340781,340893,341127,348679,348695,348883,353401,356057,358222,358512,358545,358545,363149,363390,367548,369771,369975,370014,373337,374624,374754,376441,378677,378799,378894,381070,381205,384358,385924,388011,388122,388185,390725,390857,390938,394278,395527,395615,395615,395636,397488,397654,399448,399497,400980,401052,403192
51,American Samoa,55641.0,,,,,,,,,,,,,,,,,,,,,,,,,,,,,,,,,,,,,,4756.0,5313.0,5664.0,6569.0,6831.0,8046.0,8046.0,8315.0,9085.0,9085.0,9925.0,9925.0,9925.0,10761.0,10761.0,11066.0,11257.0,12029.0,12259.0,12259.0,12259.0,12680.0,13318.0,13513.0,15032.0,15382.0,15382.0,15382.0,16109.0,16269.0,16269.0,16269.0,17740.0,18778.0,18816.0,18816.0,19739.0,19739.0,20336.0,20338.0,20338,20338,21079,21079,21625,21625,21625,21625,21625,21625,23696,23696,23696,23696,23696,24300,24300,24300,24300,24300,24300,24300,27015,27263,27837,27864,28503,28527,28527,28527,29079,31167,31167,31761,31761,31775,31775,31775,32856,33545,33545,34165,34165,34165,34786,34786,35972,35972,35972,35972,35972,36093,36093,37231,37231,37590,37590,37808,37808,38337,38743,38743,38743,38743,38743,39268,39268,39666,39666,39666,39666,39666,39666,40091,40091,40525,40525,40525,40525,41461,41461,41907,41907,41907,41907,41907,41907,42511,42511,42511,42511,42511,42511,43052,43052,43052,43401,43401,43401,43401
52,Guam,164229.0,,,,455.0,1018.0,1394.0,1394.0,1394.0,1931.0,2158.0,2158.0,2158.0,2158.0,2158.0,2158.0,2158.0,3439.0,4241.0,4241.0,4241.0,4241.0,4241.0,4241.0,5179.0,5448.0,5448.0,5448.0,5448.0,10014.0,11314.0,11406.0,12637.0,13285.0,13913.0,13913.0,13913.0,14477.0,15460.0,16634.0,17620.0,17620.0,17620.0,19917.0,20900.0,22049.0,23588.0,25248.0,26846.0,28183.0,28183.0,28427.0,29504.0,31882.0,32586.0,33623.0,35337.0,35395.0,35816.0,36874.0,38296.0,39203.0,40524.0,41672.0,41672.0,41918.0,43254.0,44620.0,45766.0,46897.0,48387.0,48479.0,50500.0,50500.0,51514.0,52661.0,52701.0,54244.0,55213,55255,55402,55435,56131,56407,56477,56587,56587,58396,60379,62062,63697,66513,66513,66607,67081,68451,70056,71940,72069,72090,73973,75724,77636,79350,81396,81649,83164,84899,85003,87540,88590,90114,91630,91702,91896,91958,95485,99042,99244,100199,100274,103334,105497,107691,109318,111738,111738,113112,114836,117134,119005,120740,122238,122331,123487,124898,126333,368020,368926,369376,369378,369688,369688,370246,370515,370808,370808,371248,371387,371809,371809,372176,372736,372736,373528,373611,374220,374754,375182,375647,376259,297501,298214,298964,299242,299242,299242,299242,299242,360893,361231,361609,361609,361609,361609,361609,167437,167469
53,Northern Mariana Islands,55144.0,,,,,,,,,,,,,,,,,,,,,,,,,,,,,,,,3100.0,3100.0,3100.0,3100.0,3100.0,3100.0,6372.0,5970.0,5970.0,5970.0,5970.0,8558.0,8796.0,9023.0,9249.0,9544.0,9544.0,9544.0,10144.0,10402.0,10644.0,10953.0,11319.0,11332.0,11697.0,11920.0,12267.0,12533.0,12533.0,12971.0,12971.0,13394.0,13754.0,14518.0,14745.0,14745.0,15527.0,15527.0,15527.0,16425.0,16748.0,17072.0,17074.0,17816.0,17819.0,18121.0,18577,18886,19232,19580,19921,19921,20309,20398,20702,21040,21370,21649,21649,22134,22134,22595,22923,23256,23698,23700,24203,24886,25196,25642,26010,26433,26450,26987,27736,28114,28557,28935,29446,29446,29446,30204,30696,31168,31634,31654,32229,32894,32894,33329,33791,34303,34720,35338,36062,36160,36551,36864,37240,37552,38005,38337,38485,38913,39293,39728,40089,40425,40842,40842,40842,41640,42045,42348,42758,43058,43058,43382,43601,43854,44086,44424,44896,44896,45237,45558,45783,45966,46271,46695,46695,47024,47240,47589,47875,48115,48584,48584,48584,49048,49048,49258,49480,49716,49716,50325
54,Puerto Rico,3193694.0,,,,,,,,,,,,,,,,,,,,,,,,,,,,,,,,,,,,,,129530.0,136630.0,147795.0,161528.0,173242.0,184173.0,187617.0,188681.0,199762.0,212179.0,224303.0,236060.0,249394.0,253439.0,253439.0,266671.0,278321.0,288024.0,299694.0,299694.0,299694.0,314047.0,324368.0,336959.0,336959.0,370837.0,382721.0,382721.0,387180.0,392136.0,408058.0,448755.0,463527.0,476475.0,480439.0,480439.0,495114.0,510041.0,536377.0,538085.0,549615,554664,554694,568025,595224,596130,611567,633344,635352,635352,674636,675568,698082,748875,748875,748982,764943,788188,814157,839948,863265,886400,896153,902839,920753,952499,981193,1015714,1044040,1055993,1062627,1088065,1114680,1148177,1167735,1171342,1178233,1182856,1205841,1243126,1276169,1311597,1348411,1365025,1391068,1468663,1502691,1530532,1561390,1575468,1621195,1653796,1682008,1739329,1761080,1769859,1774950,1803447,1830184,1885472,1918526,1946968,1958729,1968716,1968716,2016396,2051985,2096163,2137177,2174111,2195731,2204479,2233876,2265054,2296608,2331388,2365256,2365696,2370464,2396739,2432019,2461308,2462353,2492978,2522051,2569452,2599775,2631756,2853319,2853319,2853319,3042501,3051052,3069610,3089852,3128002,3149562,3153751,3164162,3183985
55,Virgin Islands,107268.0,,,,,,,,,,260.0,260.0,260.0,260.0,260.0,260.0,260.0,260.0,260.0,260.0,260.0,260.0,1200.0,1200.0,1200.0,1200.0,1200.0,1200.0,1200.0,1200.0,1200.0,1200.0,1200.0,1200.0,1200.0,1200.0,1200.0,1200.0,2135.0,2418.0,2744.0,3070.0,3355.0,3378.0,3399.0,3747.0,4174.0,4620.0,5256.0,5967.0,6008.0,6116.0,6709.0,7387.0,8212.0,8884.0,9466.0,9477.0,9529.0,10064.0,10718.0,11168.0,11691.0,12182.0,12288.0,12288.0,12418.0,13162.0,13648.0,14851.0,15826.0,16123.0,16893.0,16893.0,17447.0,17778.0,18684.0,19118.0,19369,19470,19736,20149,21615,22365,23014,23053,23752,23752,24615,25361,26202,27210,27210,27261,28115,29233,30128,31142,32072,32170,32191,33239,34472,35728,36668,37770,38221,38261,39516,40979,42298,43323,43825,43826,43826,44979,46399,49329,50238,50432,50551,51733,52972,54127,55048,56128,56290,56324,57205,58041,58550,59058,59447,59582,59602,60203,60939,61600,62302,62864,62987,63009,63009,63661,64680,65068,65502,65561,65578,65936,66360,66703,67042,67527,67595,67615,67936,68286,68713,69087,69488,69499,69502,69802,70072,70325,70723,71094,71122,71122,71130,71672,71983,72326,72676,72687,72708,73102
